-0.8654702812764299, 0.11590146247902178
4.17462135675396, -0.03573909449961521
7.414680266914729, -0.13813779533946358
7.414680266915639, -0.06053402206066605
11.73475881379727, -0.1605837297631516
11.73475881379818, 0.05408814306805132
11.73475881379818, -0.015642153213289767
11.73475881379818, 0.19507123118272784
11.73475881379818, 0.18045527388358207
11.73475881379818, 0.16624531539830145
11.73475881379818, 0.07651957753410121
11.73475881379818, -0.0777599717346591
14.758813796616778, 0.09665711870181326
26.85503372788662, -0.34069495356408286
34.41517118493175, -0.17844767757321867
34.41517118493175, -0.19306363487236444
34.41517118493175, -0.20767959217151022
34.41517118493175, -0.22229554947065577
34.41517118493175, -0.23691150676980155
34.41517118493175, -0.2515274640689473
34.41517118493175, -0.2661434213680931
34.41517118493175, -0.2807593786672389
34.41517118493175, -0.29537533596638443
34.41517118493175, -0.3099912932655302
34.41517118493175, -0.324607250564676
52.05549191803493, -0.34612518769952927
117.57668321242272, -0.3303724337215612
125.13682066946785, -0.2015896099635328
125.13682066946785, -0.2162055672626786
125.13682066946785, -0.23082152456182414
125.13682066946785, -0.24543748186096992
125.13682066946785, -0.2600534391601157
125.13682066946785, -0.2746693964592615
125.13682066946785, -0.289285353758407
125.13682066946785, -0.3039013110575528
125.13682066946785, -0.3185172683566986
130.53691885307126, -0.18633565452831302
183.09787450681233, -0.3306972327726534
185.61792032582616, -0.3164872742873728
200.7381952399146, -0.28786435790987897
200.7381952399146, -0.3009578196570304
208.29833269695973, -0.25802344509078967
208.29833269695973, -0.27239580310161626
215.85847015400486, -0.19915361708034185
215.85847015400486, -0.21376957437948763
215.85847015400486, -0.22838553167863318
219.29489627084422, -0.17830004164090396
221.25856833760827, -0.24410348575827023
253.6591574392287, -0.15784323776956177
264.4593538064337, -0.13726779788118115
273.81952399134843, -0.2271675352370377
281.73966799396567, -0.12334783854866127
291.4598447244507, -0.21021708475816725
296.8599429080559, -0.10768788429957676
309.82017854870264, -0.19747162199432888
310.78019600356583, -0.17817701169730826
342.86877943235504, -0.15400654897853583
344.3808069237648, -0.09454125604108587
374.6213567519435, -0.13243447866850055
377.6454117347612, -0.19176443866799575
383.69352170039656, -0.11478706355916168
404.8619065801222, -0.17342805587452204
415.85847015400486, -0.0777599717346591
433.21242204403916, -0.10211990056656872
446.4426625938677, -0.15175325556158437
457.78286877943447, -0.16971870307511772
460.80692376225215, -0.12940302085830746
463.83097874506984, -0.05656683365089776
506.58011963854096, -0.08396068089187247
510.70383097874674, -0.03797208797587337
510.70383097874674, -0.146373771277871
524.3120784014272, -0.11064587565773709
548.5045182639706, -0.13114881575792747
556.0646557210157, -0.0634146803114235
595.3773704976475, -0.04755365998309147
599.9134529718731, -0.029527312647478432
599.9134529718731, -0.08799114184406132
608.985617920328, -0.10739788514681559
620.8658339242565, -0.12212984210706579
646.7863052055518, -0.06639200494643482
684.5869924907738, -0.013936958195056137
684.5869924907738, -0.03350610102335683
685.4270077637802, -0.0877746091433329
689.1230749650013, -0.04657926282981495
696.2708412880247, -0.1114209643023889
735.9959271986781, -0.06387481230047065
766.2364770268568, -0.0027313909323776198
775.3086419753099, -0.03756608916200843
778.7450680921493, -0.08971848225214196
780.7087401589151, -0.02068813847132822
782.868779432355, -0.050355051798760986
828.229604174624, -0.06882799782962579
856.958126511393, 0.007986977753662527
866.030291459846, -0.011582165074638162
866.030291459846, -0.02619812237378394
866.030291459846, -0.040814079672929715
868.5503372788617, -0.09007526908856889
873.5904289168911, -0.05279104468195195
920.3258241058948, -0.07034126613585046
941.6316660302937, 0.0014097969690469725
945.068092147133, 0.022115736476169934
949.1918034873388, -0.08202295928024328
956.7519409443821, -0.040002082045199394
960.1883670612215, -0.01929614253807621
964.3120784014272, -0.05218204646115421
1004.6328115056649, -0.06747466845007533
1032.3533155148298, 0.03721889235195386
1032.3533155148298, 0.01764974952365339
1032.3533155148298, 0.0030337922245076143
1047.4735904289182, -0.018321745384799915
1047.4735904289182, -0.03797208797587337
1059.3538064328468, -0.053922041377719054
1100.3945526282323, -0.05705403222753613
1111.391116202115, 0.0504618354805737
1123.0749649993659, 0.002627793410642454
1123.0749649993659, -0.011988163888503323
1126.5113911162052, 0.023223005968529442
1141.6316660302937, -0.03324773814180637
1145.7553773704994, -0.04791905891557002
1198.6763395698117, 0.040791681913967315
1202.112765686651, 0.06131307650569706
1202.4564082983352, -0.040915579376396005
1213.796614483902, 0.00100379815518159
1213.796614483902, -0.013612159143963964
1219.8447244495374, 0.02016694216961712
1234.3169875815956, -0.0266041211876491
1289.3979890543478, 0.05459564158538277
1289.3979890543478, 0.039979684286236994
1296.958126511393, 0.07083559413998919
1304.518263968438, 0.008717775618619639
1304.518263968438, -0.005898181680525916
1309.9183621520415, 0.024551729359360897
1317.1184930635127, -0.021055470731491832
1380.119638538884, 0.07570757990637089
1380.119638538884, 0.06109162260722534
1380.119638538884, 0.04647566530807956
1395.2399134529742, 0.031859708008933785
1395.2399134529742, 0.01724375070978801
1395.2399134529742, 0.002627793410642454
1410.3601883670626, -0.01787514668954815
1470.84128802342, 0.05297164632992213
1470.84128802342, 0.03835568903077635
1476.8893979890554, 0.07180999129326548
1485.9615629375103, 0.007499779177024157
1485.9615629375103, -0.007116178122121397
1491.3616611211137, 0.02420373037604784
1501.0818378515987, -0.020108140165806532
1561.5629375079561, 0.057843632096304054
1561.5629375079561, 0.04322767479715828
1567.6110474735915, 0.07668197705964741
1576.6832124220464, 0.012371764943406083
1576.6832124220464, -0.0022441923557394716
1576.6832124220464, -0.014627156178626866
1582.0833106056498, 0.029075716142429764
1652.2845869924922, 0.06677560600133736
1652.2845869924922, 0.05215964870219181
1659.8447244495374, 0.08301555855594378
1659.8447244495374, -0.00941683806735738
1667.4048619065825, 0.021303738848439613
1667.4048619065825, 0.0066877815492940584
1672.804960090186, 0.037427691741941604
1743.0062364770283, 0.06961759769839371
1743.0062364770283, 0.05500164039924793
1750.5663739340735, 0.08707554669459538
1750.5663739340735, -0.005289183459728175
1758.1265113911186, 0.023739731731630576
1758.1265113911186, 0.009123774432485021
1763.526609574722, 0.03986368462513257
1833.7278859615644, 0.07083559413998919
1833.7278859615644, 0.05621963684084341
1839.7759959271998, 0.08983633862887852
1843.4480626920513, -0.003462188797334953
1848.8481608756547, 0.025769725800956378
1848.8481608756547, 0.011153768501810601
1854.248259059258, 0.04264767649163659
1924.4495354461005, 0.07854957160342724
1924.4495354461005, 0.06393361430428146
1926.9695812651162, 0.00019180052745149112
1927.8859615629399, 0.09918169314439296
1939.5698103601908, 0.023333732917765415
1941.0818378516005, 0.04257807669497393
1942.8098692703525, 0.009065774601932697
1992.490772559503, 0.024551729359360897
2003.0749649993659, 0.11663226034397911
2015.1711849306366, 0.0704295953261238
2015.1711849306366, 0.05581363802697825
2018.607611047476, 0.09120935279940445
2034.4915362097518, 0.040115017224192195
2052.9718722158605, 0.134171409102954
2091.8525791378042, 0.15017936233535156
2091.8525791378042, 0.1167714599373042
2105.8928344151727, 0.07367758583704531
2105.8928344151727, 0.059061628537899535
2109.329260532012, 0.09430970737801103
2121.013109329263, 0.049114657598203104
2157.301769123077, 0.15706974220494874
2157.301769123077, 0.1278378276066574
2196.614483899709, 0.08910554076392119
2196.614483899709, 0.07448958346477541
2196.614483899709, 0.05670683541748156
2204.174621356754, 0.10676648916705567
2226.8550337278875, 0.15914033615566114
2241.975308641978, 0.14350938182185247
2241.975308641978, 0.1288934245227067
2249.535446099023, 0.11346546959583081
2275.652284586996, 0.04725075395273115
2284.816087565231, 0.06109162260722534
2287.336133384245, 0.07367758583704531
2291.8722158584724, 0.09300312937702682
2302.456408298335, 0.12199144468699918
2310.0165457553803, 0.028662467349745757
2335.7210131093316, 0.008839575262779231
2337.2330406007395, 0.10786268596449156
2378.057782868781, 0.07570757990637089
2378.057782868781, 0.06109162260722534
2378.057782868781, 0.04647566530807956
2379.137802505503, 0.09136753415545584
2396.958126511393, 0.02851021779454621
2424.1058928344164, 0.006724690532372568
2461.219294896274, -0.0101611692261101
2468.779432353317, 0.08707554669459538
2468.779432353317, 0.07245958939544983
2468.779432353317, 0.057843632096304054
2468.779432353317, 0.04322767479715828
2489.299805451011, 0.02837971817580387
2491.4598447244525, -0.01929614253807621
2521.700394552631, 0.012067265833007212
2551.94094438081, -0.005289183459728175
2559.5010818378532, 0.07814357278956185
2559.5010818378532, 0.0635276154904163
2559.5010818378532, 0.048911658191270524
2580.021454935547, 0.0353396978420637
2582.1814942089886, -0.01868714431727847
2612.4220440371673, 0.020593240924175582
2642.662593865346, 0.004759287183434546
2650.2227313223893, 0.07408358465091025
2650.2227313223893, 0.059467627351764474
2665.3430062364796, -0.015236154399424606
2670.743104420083, 0.04577966734145367
2703.1436935217034, 0.030946210677737174
2731.8722158584724, -0.024046328660298544
2733.384243349882, 0.014807757826597046
2740.9443808069254, 0.06880560007066339
2761.464753904619, 0.05517563989090424
2763.624793178061, -0.0019396932453406013
2793.8653430062395, 0.040994681320899895
2813.5217003945536, -0.024655326881096284
2821.9458535609765, 0.020723740542918145
2845.274277714142, -0.011988163888503323
2854.346442662597, 0.06271561786268598
2854.346442662597, 0.003541290741839065
2881.562937507956, 0.02698772224255186
2884.5869924907756, 0.04434417153528747
2913.3155148275446, -0.024168128304458136
2937.507954690088, 0.06596360837360726
2937.507954690088, 0.007499779177024157
2937.507954690088, -0.004680185238930434
2967.7485045182666, 0.025363726987091217
2973.796614483902, 0.045501268154803265
3002.3091328933288, -0.022515133133721443
3028.229604174624, 0.06677560600133736
3028.229604174624, -0.005898181680525916
3034.2777141402594, 0.01383336067332075
3058.4701540028027, 0.05134765107446149
3058.4701540028027, 0.03673169377531571
3088.7107038309814, -0.02640112178071652
3118.95125365916, 0.06596360837360726
3118.95125365916, 0.022115736476169934
3118.95125365916, 0.007499779177024157
3118.95125365916, -0.007116178122121397
3149.191803487339, 0.03470169970598991
3154.591901670942, 0.049955655141209476
3179.4323533155175, -0.025284625042587328
3209.672903143696, -0.0022441923557394716
3215.7210131093316, 0.06279681762545897
3215.7210131093316, 0.017487349998107193
3217.2330406007413, -0.014424156771694285
3247.47359042892, 0.03703619288571458
3270.1540028000536, -0.031070108140165864
3300.3945526282323, 0.0704295953261238
3300.3945526282323, 0.05581363802697825
3300.3945526282323, -0.002650191169604854
3300.3945526282323, -0.01726614846875041
3305.7946508118357, 0.013763760876658093
3329.1230749650013, 0.026013325089275563
3338.195239913456, 0.04373517331448973
3366.923762250225, -0.026238722255170543
3391.1162021127684, 0.06677560600133736
3391.1162021127684, -0.006304180494391298
3397.164312078404, 0.01383336067332075
3421.356751940947, 0.05134765107446149
3421.356751940947, 0.03673169377531571
3448.5732467863063, -0.024655326881096284
3480.3258241058948, -0.011988163888503323
3481.8378515973045, 0.0014097969690469725
3489.3979890543496, 0.06271561786268598
3489.3979890543496, 0.018867745965248872
3519.6385388825283, 0.04434417153528747
3519.6385388825283, 0.0286117174980125
3548.3670612192973, -0.02428992794861773
3572.5595010818406, -0.0101611692261101
3578.607611047476, 0.06498921122033074
3578.607611047476, 0.006525382023747861
3601.2880234186096, 0.022115736476169934
3610.3601883670626, 0.03835568903077635
3633.040600738198, -0.02721311940844684
3663.2811505663767, 0.050535653446731166
3663.2811505663767, -0.01899164342767734
3669.329260532012, 0.06937399841007452
3669.329260532012, -0.003705788085654138
3693.5217003945554, 0.015213756640462428
3698.921798578159, 0.030467712075681774
3748.6027018673094, -0.017382148129854835
3754.002800050913, 0.05175364988832665
3757.4392261677503, 0.07216431753082064
3758.5388825251384, 0.037706090928592007
3760.050910016548, -0.0015133944907821384
3791.803487336135, 0.01967974359297897
3844.724449535449, 0.059467627351764474
3844.724449535449, 0.04485167005261892
3844.724449535449, -0.005898181680525916
3848.1608756522864, 0.0799152039773372
3849.2605320096745, 0.03088531085565749
3882.525136820671, 0.012067265833007212
3934.3660793832632, -0.003114189814021895
3935.446099019985, 0.06921159888452832
3935.446099019985, 0.05459564158538277
3935.446099019985, 0.039979684286236994
3935.446099019985, 0.025363726987091217
3941.4942089856204, 0.08837474289896385
3988.3670612192973, 0.0058757839215635155
4026.167748504521, 0.0748955822786408
4026.167748504521, 0.06027962497949502
4026.167748504521, 0.04566366768034924
4026.167748504521, 0.031047710381203464
4027.679775995929, 0.01724375070978801
4032.2158584701565, 0.09373392724198393
4071.5285732467883, 0.0038457898522379352
4079.0887107038334, 0.014807757826597046
4116.889397989057, 0.07854957160342724
4116.889397989057, 0.06393361430428146
4116.889397989057, 0.049317657005135684
4116.889397989057, 0.03470169970598991
4116.889397989057, 0.02008574240684413
4120.325824105895, 0.09896023924592101
4207.611047473593, 0.10615749094625793
4207.611047473593, 0.09154153364711215
4207.611047473593, 0.07692557634796637
4207.611047473593, 0.06230961904882082
4207.611047473593, 0.04769366174967504
4207.611047473593, 0.033077704450529266
4207.611047473593, 0.02008574240684413
4290.772559501084, 0.02881471690494508
4298.332696958129, 0.10493949450466244
4298.332696958129, 0.09032353720551667
4298.332696958129, 0.07570757990637089
4298.332696958129, 0.06109162260722534
4298.332696958129, 0.04647566530807956
4334.6213567519435, 0.017000151421468823
4389.0543464426655, 0.09681951822735924
4389.0543464426655, 0.08220356092821368
4389.0543464426655, 0.0675876036290679
4389.0543464426655, 0.05297164632992213
4389.0543464426655, 0.03835568903077635
4389.0543464426655, 0.004454788073035676
4426.8550337278875, 0.023029233807366545
4479.775995927202, 0.08626354906686506
4479.775995927202, 0.07164759176771929
4479.775995927202, 0.05703163446857373
4479.775995927202, 0.04241567716942796
4485.824105892837, 0.00360219056391875
4517.576683212424, 0.025769725800956378
4542.777141402573, -0.015100821461469627
4570.497645411738, 0.07448958346477541
4570.497645411738, 0.059873626165629856
4570.497645411738, 0.04525766886648408
4576.545755377373, 0.006768981312067046
4608.29833269696, 0.031859708008933785
4637.0268550337305, -0.010282968870269693
4661.219294896274, 0.06921159888452832
4661.219294896274, 0.05459564158538277
4667.267404861909, 0.016269353556511712
4699.019982181496, 0.041603679541697636
4721.700394552631, -0.003360689093868663
4751.94094438081, 0.06515161074587694
4759.501081837853, 0.024551729359360897
4759.501081837853, -0.020108140165806532
4782.181494208989, 0.03490469911292249
4789.741631666032, 0.05256564751605697
4819.982181494211, 0.008311776804754478
4842.662593865346, -0.025589124152986198
4850.222731322389, -0.00924767189491349
4854.542809869273, 0.024551729359360897
4872.903143693525, 0.059467627351764474
4872.903143693525, 0.04485167005261892
4927.984145166277, -0.016164151688259354
4933.384243349882, 0.029423715125742822
4933.384243349882, 0.014807757826597046
4933.384243349882, 0.00019180052745149112
4948.504518263971, -0.0286341152569749
4963.624793178061, 0.058655629724034375
4963.624793178061, 0.0440396724248886
5024.105892834418, 0.029423715125742822
5024.105892834418, 0.014807757826597046
5024.105892834418, 0.00019180052745149112
5030.154002800054, -0.018808943961438063
5039.226167748507, -0.02599512296685136
5054.346442662597, 0.05824963091016899
5054.346442662597, 0.04363367361102344
5114.827542318954, 0.012777763757271465
5114.827542318954, -0.0018381935418743112
5118.263968435792, -0.02073559287814364
5120.87565228459, 0.033077704450529266
5152.628229604176, 0.05378364395765245
5205.54919180349, 0.029423715125742822
5205.54919180349, 0.014807757826597046
5205.54919180349, 0.00019180052745149112
5205.54919180349, -0.01970214135194137
5235.789741631669, 0.058655629724034375
5235.789741631669, 0.0440396724248886
5296.2708412880265, 0.013183762571136404
5296.2708412880265, -0.0014321947280093728
5296.2708412880265, -0.020717138386604272
5302.318951253662, 0.03332130373884845
5326.511391116205, 0.05621963684084341
5386.992490772563, 0.041603679541697636
5386.992490772563, 0.02698772224255186
5386.992490772563, 0.012371764943406083
5386.992490772563, -0.0022441923557394716
5386.992490772563, -0.022341133642064914
5417.233040600741, 0.05621963684084341
5474.277714140259, -0.022175043218211066
5477.714140257099, 0.024957728173226057
5477.714140257099, 0.010341770874080503
5477.714140257099, -0.004274186425065274
5483.114238440702, 0.040211683608445625
5515.514827542321, 0.05408814306805132
5568.435789741635, 0.029423715125742822
5568.435789741635, 0.014807757826597046
5568.435789741635, 0.00019180052745149112
5568.435789741635, -0.020108140165806532
5598.6763395698135, 0.058655629724034375
5598.6763395698135, 0.0440396724248886
5653.109329260536, -0.01978334111471436
5659.157439226171, 0.013995760198866947
5659.157439226171, -0.0006201971002788298
5666.717576683214, 0.031859708008933785
5689.39798905435, 0.05703163446857373
5689.39798905435, 0.04282167598329312
5725.686648848164, -0.023071931507022247
5749.879088710707, 0.02698772224255186
5749.879088710707, 0.012371764943406083
5749.879088710707, -0.0022441923557394716
5780.119638538886, 0.05621963684084341
5780.119638538886, 0.041603679541697636
5810.360188367064, -0.021326136607402013
5840.600738195243, 0.02698772224255186
5840.600738195243, 0.012371764943406083
5840.600738195243, -0.0022441923557394716
5870.841288023422, 0.05621963684084341
5870.841288023422, 0.041603679541697636
5893.521700394555, -0.01899164342767734
5931.322387679779, 0.02698772224255186
5931.322387679779, 0.012371764943406083
5931.322387679779, -0.0022441923557394716
5961.562937507958, 0.05581363802697825
5961.562937507958, 0.041197680727832475
5999.36362479318, -0.012529495640323685
6022.044037164315, 0.010341770874080503
6028.092147129951, 0.030641711567338303
6029.604174621359, -0.0038681876112003355
6059.844724449537, 0.05134765107446149
6082.525136820673, -0.014830155585559446
6112.765686648851, 0.010341770874080503
6112.765686648851, -0.004274186425065274
6118.165784832455, 0.02559572630930007
6141.49420898562, 0.03673169377531571
6150.566373934073, 0.05297164632992213
6184.586992490776, -0.016707900099685924
6203.4873361333875, -0.004071187018132694
6209.535446099023, 0.012858963520044231
6233.727885961566, 0.03835568903077635
6237.164312078404, 0.0588770836225061
6241.28802341861, 0.02698772224255186
6263.968435789745, -0.016454150841020088
6294.208985617924, -0.007116178122121397
6300.257095583559, 0.007012580600386009
6324.449535446102, 0.048505659377405363
6324.449535446102, 0.03388970207825959
6324.449535446102, 0.021506738255372193
6330.497645411738, 0.06742520410352171
6384.93063510246, 0.00019180052745149112
6415.171184930638, 0.05459564158538277
6415.171184930638, 0.039979684286236994
6415.171184930638, 0.025363726987091217
6418.607611047476, 0.07504321821095528
6422.731322387682, 0.013183762571136404
6481.700394552631, 0.0032367916314401945
6505.892834415175, 0.08220356092821368
6505.892834415175, 0.0675876036290679
6505.892834415175, 0.05297164632992213
6505.892834415175, 0.03835568903077635
6505.892834415175, 0.023739731731630576
6566.373934071532, 0.0034397910383725527
6595.102456408301, 0.018218147863064305
6596.614483899711, 0.060685623793359955
6596.614483899711, 0.0460696664942144
6596.614483899711, 0.031453709195068624
6604.174621356754, 0.07841423866547204
6659.615629375082, 0.00790577799088954
6687.336133384247, 0.061903620234955437
6687.336133384247, 0.04728766293580988
6687.336133384247, 0.032671705636664106
6690.772559501084, 0.08235119686052816
6694.89627084129, 0.01967974359297897
6746.737213403882, 0.00993577206021512
6778.057782868783, 0.0817975621143483
6778.057782868783, 0.06718160481520274
6778.057782868783, 0.05256564751605697
6778.057782868783, 0.03794969021691119
6778.057782868783, 0.023333732917765415
6844.586992490776, 0.008474176330300676
6868.779432353319, 0.07448958346477541
6868.779432353319, 0.059873626165629856
6868.779432353319, 0.04525766886648408
6868.779432353319, 0.030641711567338303
6906.580119638541, -0.014694822647604466
6927.748504518267, -0.0022441923557394716
6936.82066946672, 0.013995760198866947
6956.981036018839, 0.07218892351953965
6959.501081837855, 0.05459564158538277
6959.501081837855, 0.039979684286236994
6967.061219294898, 0.031047710381203464
6993.941708031059, -0.019025476662166252
7018.470154002803, 0.00019180052745149112
7019.982181494212, 0.015112256936995916
7050.222731322391, 0.0614976214210905
7050.222731322391, 0.04688166412194472
7050.222731322391, 0.032265706822798945
7081.975308641978, -0.013287360092872014
7116.103929162352, 0.013415761893345257
7139.4323533155175, 0.025038927935999045
7140.944380806927, 0.03835568903077635
7148.504518263971, 0.05594897096493323
7152.824596810854, -0.02225413389623676
7177.233040600741, -0.002974990220696805
7231.666030291463, 0.05963002687731067
7231.666030291463, 0.040791681913967315
7231.666030291463, 0.02617572461482154
7236.202112765689, 0.012371764943406083
7254.346442662597, -0.01807814609648073
7267.3066783032455, -0.0022441923557394716
7322.3876797759995, 0.06230961904882082
7322.3876797759995, 0.04769366174967504
7322.3876797759995, 0.033077704450529266
7322.3876797759995, 0.01846174715138349
7340.944380806927, -0.017524511350300864
7360.1883670612215, 0.005368285404232287
7413.109329260536, 0.05824963091016899
7413.109329260536, 0.04363367361102344
7413.109329260536, 0.02901771631187766
7430.749649993638, -0.012935494454188845
7435.789741631669, -0.00041719769334624957
7450.910016545758, 0.016939251599389138
7503.83097874507, 0.05621963684084341
7503.83097874507, 0.041603679541697636
7524.999363624797, -0.02100133755630984
7534.0715285732485, 0.011965766129540922
7534.0715285732485, -0.002650191169604854
7539.471626756854, 0.02837971817580387
7594.552628229606, 0.05418964277151761
7599.088710703833, 0.03965488523514482
7602.112765686651, -0.022138134235132334
7624.793178057785, 0.024551729359360897
7624.793178057785, 0.00993577206021512
7624.793178057785, -0.004680185238930434
7685.274277714142, 0.05297164632992213
7685.274277714142, 0.03835568903077635
7707.954690085277, -0.015506820275334787
7707.954690085277, -0.005492182866660755
7715.514827542321, 0.008311776804754478
7723.074964999366, 0.02637872402175412
7745.755377370499, -0.04268167421670954
7775.995927198678, 0.049317657005135684
7794.89627084129, -0.01909314313114363
7806.236477026857, 0.01846174715138349
7806.236477026857, 0.0038457898522379352
7813.796614483902, 0.03642719466491684
7881.8378515973045, -0.01807814609648073
7896.958126511393, 0.04647566530807956
7896.958126511393, 0.031859708008933785
7896.958126511393, 0.01724375070978801
7896.958126511393, 0.002627793410642454
7975.079546900856, -0.015506820275334787
7980.119638538886, -0.00041719769334624957
7987.679775995929, 0.025769725800956378
7987.679775995929, 0.011153768501810601
7987.679775995929, -0.02802511703617716
7995.239913452974, 0.04322767479715828
8059.844724449537, -0.04310243662380597
8078.401425480465, 0.048911658191270524
8078.401425480465, 0.03429570089212475
8078.401425480465, 0.01967974359297897
8078.401425480465, 0.005063786293833417
8078.401425480465, -0.00955217100531236
8078.401425480465, -0.024168128304458136
8154.002800050913, -0.03655109212734553
8164.586992490776, -0.025873323322691766
8169.123074965001, 0.030235712753473143
8169.123074965001, 0.015619755454327366
8169.123074965001, 0.00100379815518159
8169.123074965001, -0.013612159143963964
8176.683212422046, 0.04647566530807956
8233.384243349883, -0.02751761851884571
8259.844724449536, 0.02698772224255186
8259.844724449536, 0.012371764943406083
8259.844724449536, -0.0022441923557394716
8259.844724449536, -0.016860149654885248
8263.281150566378, 0.04736148090196712
8350.566373934074, 0.03348370326439443
8350.566373934074, 0.018867745965248872
8350.566373934074, 0.004251788666103096
8350.566373934074, -0.01036416863304268
8350.566373934074, -0.021326136607402013
8356.61448389971, 0.05232204822773778
8433.727885961565, -0.01899164342767734
8441.288023418609, 0.05621963684084341
8441.288023418609, 0.041603679541697636
8441.288023418609, 0.02698772224255186
8441.288023418609, 0.012371764943406083
8441.288023418609, -0.0022441923557394716
8479.088710703832, -0.02629962207725023
8532.009672903147, 0.05378364395765245
8532.009672903147, 0.03916768665850667
8532.009672903147, 0.024551729359360897
8532.009672903147, 0.00993577206021512
8532.009672903147, -0.004680185238930434
8554.69008527428, -0.021867468359222153
8622.73132238768, 0.029423715125742822
8622.73132238768, 0.014807757826597046
8622.73132238768, 0.00019180052745149112
8626.167748504522, 0.049797473785158086
8627.267404861908, -0.013693358906736952
8713.452971872219, 0.039979684286236994
8713.452971872219, 0.025363726987091217
8713.452971872219, 0.010747769687945441
8713.452971872219, -0.0038681876112003355
8713.452971872219, -0.016454150841020088
8721.013109329262, 0.05621963684084341
8789.054346442663, -0.013510659440497674
8804.174621356753, 0.058655629724034375
8804.174621356753, 0.0440396724248886
8804.174621356753, 0.029423715125742822
8804.174621356753, 0.014807757826597046
8811.7347588138, -0.002700941021337888
8888.848160875652, -0.003462188797334953
8894.896270841291, 0.058655629724034375
8894.896270841291, 0.0440396724248886
8894.896270841291, 0.029423715125742822
8894.896270841291, 0.014807757826597046
8981.837851597305, -0.005289183459728175
8985.617920325825, 0.03876168784464151
8985.617920325825, 0.024145730545495736
8985.617920325825, 0.00952977324634996
8993.178057782872, 0.05649030271675337
9049.339078892346, -0.015120154738320402
9061.219294896273, 0.0008007987482492318
9076.339569810363, 0.05256564751605697
9076.339569810363, 0.03794969021691119
9076.339569810363, 0.023333732917765415
9076.339569810363, 0.008717775618619639
9079.7759959272, 0.0730501331247082
9167.061219294897, 0.07814357278956185
9167.061219294897, 0.0635276154904163
9167.061219294897, 0.048911658191270524
9167.061219294897, 0.03429570089212475
9167.061219294897, 0.01967974359297897
9167.061219294897, 0.006281782735428676
9227.542318951255, 0.006281782735428676
9257.782868779435, 0.05540763921311309
9257.782868779435, 0.040791681913967315
9257.782868779435, 0.02617572461482154
9257.782868779435, 0.012777763757271465
9263.83097874507, 0.07424598417645645
9340.944380806926, 0.01724375070978801
9348.50451826397, 0.07936156923115734
9348.50451826397, 0.06474561193201178
9348.50451826397, 0.050129654632866005
9348.50451826397, 0.03551369733372023
9401.425480463284, 0.00993577206021512
9439.226167748508, 0.07367758583704531
9439.226167748508, 0.059061628537899535
9439.226167748508, 0.04444567123875376
9439.226167748508, 0.029829713939607982
9485.274277714143, 0.014254123080417402
9522.387679775999, 0.001866545634645167
9529.947817233042, 0.06718160481520274
9529.947817233042, 0.05256564751605697
9529.947817233042, 0.03794969021691119
9582.868779432356, 0.023469065855720395
9604.861906580121, 0.0021848856136985617
9620.66946671758, 0.059061628537899535
9620.66946671758, 0.04444567123875376
9658.470154002804, -0.007464177105434455
9673.59042891689, 0.030506378629383324
9703.83097874507, 0.013894260495400435
9711.391116202114, 0.05378364395765245
9741.631666030295, -0.00985667011571123
9756.751940944381, 0.03916768665850667
9786.992490772562, 0.0058757839215635155
9794.552628229605, 0.022115736476169934
9809.672903143695, 0.050535653446731166
9835.377370497648, -0.01125736602354599
9877.714140257096, 0.00993577206021512
9881.150566373937, 0.030973892415046222
9892.834415171186, 0.05297164632992213
9923.762250222731, -0.0049016391374023804
9960.87565228459, -0.016403400989287054
9968.435789741634, 0.020491741220709292
9974.48389970727, 0.04062928238842134
9983.556064655724, 0.050129654632866005
10021.356751940948, 0.007499779177024157
10048.357242858961, -0.01311916058427065
10062.59386534301, 0.03872477886156278
10066.717576683215, 0.01785274893058575
10131.322387679778, -0.017081603553357194
10134.758813796616, 0.002627793410642454
10149.879088710706, 0.0460696664942144
10149.879088710706, 0.031453709195068624
10149.879088710706, 0.016837751895922848
10213.796614483901, -0.020624865928907665
10230.880561464757, 0.0015837964607032795
10236.064655721017, 0.014320559249958897
10240.60073819524, 0.04322767479715828
10240.60073819524, 0.0286117174980125
10301.081837851598, -0.022036634531666044
10316.202112765688, -0.0022441923557394716
10331.322387679778, 0.041603679541697636
10331.322387679778, 0.02698772224255186
10331.322387679778, 0.012371764943406083
10396.339569810363, -0.019458542063622186
10412.32386043383, 0.0043677883272073
10422.044037164313, 0.03957368547237183
10422.044037164313, 0.024957728173226057
10422.044037164313, 0.011153768501810601
10476.477026855035, -0.02270653257454347
10497.64541173476, -0.004680185238930434
10512.76568664885, 0.03916768665850667
10512.76568664885, 0.024551729359360897
10512.76568664885, 0.00993577206021512
10580.806923762251, -0.016555650544486378
10593.767159402902, 0.00019180052745149112
10595.927198676342, 0.009123774432485021
10603.487336133385, 0.03754369140304603
10603.487336133385, 0.022927734103900255
10663.968435789742, -0.01868714431727847
10684.488808887436, -0.007812176088747513
10686.64884816088, 0.004454788073035676
10694.208985617923, 0.016025754268192527
10701.769123074966, 0.03348370326439443
10766.570301278207, -0.01390215829672492
10784.930635102457, 0.014401759012731885
10784.930635102457, -0.00021419828641389138
10788.367061219298, 0.03473860868906864
10863.968435789742, -0.008887809309896744
10875.652284586995, 0.041603679541697636
10875.652284586995, 0.02698772224255186
10875.652284586995, 0.012371764943406083
10951.253659157443, -0.016454150841020088
10958.813796614486, 0.00100379815518159
10958.813796614486, 0.011559767315675984
10966.37393407153, 0.039979684286236994
10966.37393407153, 0.025363726987091217
11041.975308641977, -0.004680185238930434
11041.975308641977, -0.01807814609648073
11057.095583556067, 0.022521735290035094
11057.095583556067, 0.00790577799088954
11062.49568173967, 0.03777569072525466
11132.696958126515, -0.016860149654885248
11147.817233040601, 0.041603679541697636
11147.817233040601, 0.02698772224255186
11147.817233040601, 0.012371764943406083
11147.817233040601, -0.0022441923557394716
11219.638538882526, -0.016860149654885248
11238.53888252514, 0.02739372105641702
11238.53888252514, 0.012777763757271465
11238.53888252514, -0.0018381935418743112
11243.938980708743, 0.04264767649163659
11317.576683212425, -0.015642153213289767
11321.70039455263, -0.0014321947280093728
11329.260532009674, 0.023739731731630576
11329.260532009674, 0.009123774432485021
11335.308641975313, 0.04257807669497393
11408.298332696959, -0.015863607111761713
11419.982181494212, 0.04728766293580988
11419.982181494212, 0.032671705636664106
11419.982181494212, 0.01805574833751833
11419.982181494212, 0.0034397910383725527
11495.58355606466, -0.0091461721914472
11503.143693521703, -0.00021419828641389138
11510.703830978746, 0.024145730545495736
11510.703830978746, 0.00952977324634996
11516.751940944385, 0.0430652752716123
11578.74506809215, -0.003462188797334953
11601.425480463284, 0.033077704450529266
11601.425480463284, 0.01846174715138349
11601.425480463284, 0.0038457898522379352
11608.985617920327, 0.050535653446731166
11692.147129947818, 0.032265706822798945
11692.147129947818, 0.01764974952365339
11692.147129947818, 0.0030337922245076143
11692.147129947818, -0.006913178715189039
11695.58355606466, 0.05267637446529294
11771.52857324679, 0.00019180052745149112
11782.868779432356, 0.04322767479715828
11782.868779432356, 0.0286117174980125
11782.868779432356, 0.013995760198866947
11790.4289168894, 0.06082095673131516
11866.030291459847, 0.007499779177024157
11873.59042891689, 0.0460696664942144
11873.59042891689, 0.031453709195068624
11873.59042891689, 0.016837751895922848
11879.63853888253, 0.06498921122033074
11958.911980217825, 0.009761772568558813
11964.312078401428, 0.049723655819000845
11964.312078401428, 0.03510769851985507
11964.312078401428, 0.020491741220709292
11967.748504518266, 0.07017123244457335
12051.793668975799, 0.07675157685631007
12055.033727885962, 0.0614976214210905
12055.033727885962, 0.04688166412194472
12055.033727885962, 0.032265706822798945
12057.095583556067, 0.014918484775833019
12139.707267404861, 0.01224996529924649
12145.7553773705, 0.07367758583704531
12145.7553773705, 0.059061628537899535
12145.7553773705, 0.04444567123875376
12145.7553773705, 0.029829713939607982
12221.356751940948, 0.0066877815492940584
12236.477026855035, 0.06312161667655092
12236.477026855035, 0.048505659377405363
12236.477026855035, 0.03388970207825959
12236.477026855035, 0.01927374477911381
12315.51482754232, 0.008274867821675969
12327.198676339573, 0.058655629724034375
12327.198676339573, 0.0440396724248886
12327.198676339573, 0.029423715125742822
12402.80005091002, -0.00504558417140899
12410.360188367064, 0.01751441658569819
12410.360188367064, 0.02698772224255186
12417.920325824107, 0.05581363802697825
12417.920325824107, 0.041197680727832475
12478.401425480464, -0.007928175749851718
12499.569810360194, 0.011397367790129787
12508.641975308645, 0.049317657005135684
12508.641975308645, 0.03470169970598991
12508.641975308645, 0.020897740034574452
12572.55950108184, -0.003240734898863229
12599.363624793179, 0.04688166412194472
12599.363624793179, 0.032265706822798945
12599.363624793179, 0.01764974952365339
12659.844724449536, 0.002627793410642454
12659.844724449536, -0.011785164481570742
12690.085274277717, 0.04566366768034924
12690.085274277717, 0.031047710381203464
12690.085274277717, 0.01643175308205791
12750.566373934074, 0.00019180052745149112
12750.566373934074, -0.013815158550896545
12780.806923762251, 0.04363367361102344
12780.806923762251, 0.02901771631187766
12780.806923762251, 0.014401759012731885
12833.727885961565, -0.019972807227851552
12847.336133384248, 0.0023841941223232688
12871.52857324679, 0.03876168784464151
12871.52857324679, 0.024145730545495736
12932.009672903147, 0.007499779177024157
12932.009672903147, -0.007116178122121397
12939.56981036019, -0.024574127118323297
12962.250222731323, 0.03673169377531571
12962.250222731323, 0.022115736476169934
13017.331224204077, -0.023124131354519184
13022.73132238768, -0.007928175749851718
13030.291459844728, 0.00993577206021512
13052.971872215861, 0.03510769851985507
13052.971872215861, 0.020897740034574452
13113.452971872219, 0.005063786293833417
13113.452971872219, -0.015642153213289767
13143.693521700396, 0.015619755454327366
13151.253659157443, 0.031859708008933785
13204.174621356753, -0.021732135421267174
13210.222731322392, -0.008455974207876471
13234.415171184934, 0.01643175308205791
13237.851597301771, 0.036953147673787656
13241.975308641977, 0.004251788666103096
13295.583556064656, -0.014534883720930258
13325.136820669468, 0.03754369140304603
13325.136820669468, 0.022927734103900255
13325.136820669468, 0.008311776804754478
13332.696958126515, -0.006304180494391298
13391.666030291464, -0.016129351789927915
13415.858470154006, 0.01764974952365339
13415.858470154006, 0.0030337922245076143
13421.25856833761, 0.03290370495887274
13478.401425480468, -0.012763252533155134
13506.58011963854, 0.013183762571136404
13510.016545755381, 0.03363133919670913
13514.140257095587, 0.00100379815518159
13548.160875652287, -0.020818638090070563
13597.301769123078, 0.03713769258918087
13597.301769123078, 0.022521735290035094
13597.301769123078, 0.00790577799088954
13597.301769123078, -0.006710179308256237
13650.222731322388, -0.01618348496511013
13688.023418607612, 0.03429570089212475
13688.023418607612, 0.01967974359297897
13688.023418607612, 0.005063786293833417
13733.384243349883, -0.014830155585559446
13778.74506809215, 0.01764974952365339
13778.74506809215, 0.0030337922245076143
13784.145166275754, 0.03290370495887274
13824.793178057786, -0.013206160330098804
13869.466717576684, 0.013589761385001564
13872.903143693526, 0.03407424699365302
13877.026855033731, 0.0008007987482492318
13922.387679775999, -0.010617917891708517
13960.188367061222, 0.041197680727832475
13960.188367061222, 0.0265817234286867
13960.188367061222, 0.011965766129540922
13967.748504518266, -0.0028531905765372123
14013.109329260533, -0.011176166260773002
14050.910016545757, 0.020491741220709292
14050.910016545757, 0.0058757839215635155
14058.470154002804, 0.03673169377531571
14099.294896270843, -0.008821373140355027
14141.631666030295, 0.0440396724248886
14141.631666030295, 0.029423715125742822
14141.631666030295, 0.014807757826597046
14186.992490772562, 0.00019180052745149112
14186.992490772562, -0.013815158550896545
14232.353315514829, 0.023333732917765415
14232.353315514829, 0.008717775618619639
14239.913452971876, 0.040791681913967315
14273.178057782872, -0.01466775606001347
14323.074964999367, 0.021709737662304773
14323.074964999367, 0.007093780363158997
14326.511391116204, 0.04204658733864153
14330.63510245641, -0.005898181680525916
14406.236477026858, -0.0015675276659643522
14413.796614483901, 0.02820571868414734
14413.796614483901, 0.013589761385001564
14421.356751940948, 0.04566366768034924
14496.958126511392, 0.004150288962636806
14504.518263968439, 0.032671705636664106
14504.518263968439, 0.01805574833751833
14510.566373934074, 0.051834849651099635
14557.43922616775, 0.006281782735428676
14591.459844724453, 0.013285262274602694
14595.239913452973, 0.04282167598329312
14595.239913452973, 0.02820571868414734
14602.80005091002, 0.06027962497949502
14678.401425480464, 0.017730949286426156
14685.961562937511, 0.042009678355562796
14685.961562937511, 0.02739372105641702
14689.397989054349, 0.06242034599805679
14776.683212422045, 0.07083559413998919
14776.683212422045, 0.05621963684084341
14776.683212422045, 0.041603679541697636
14776.683212422045, 0.022318735883102514
14862.00476372298, 0.016199753759849056
14867.404861906583, 0.04363367361102344
14867.404861906583, 0.02901771631187766
14870.841288023421, 0.06397052328735997
14950.566373934074, 0.023029233807366545
14958.126511391118, 0.06961759769839371
14958.126511391118, 0.05500164039924793
14958.126511391118, 0.040385683100102154
14995.927198676342, 0.0128285136090045
15048.848160875656, 0.05824963091016899
15048.848160875656, 0.04363367361102344
15048.848160875656, 0.02901771631187766
15079.088710703832, 0.012006366010927527
15134.169712176586, 0.002627793410642454
15139.56981036019, 0.050941652260596326
15139.56981036019, 0.03632569496145055
15177.370497645414, 0.023942731138563156
15218.078930106421, 0.0007539527312647731
15230.291459844728, 0.0480996605635402
15262.044037164313, 0.01724375070978801
15268.092147129952, 0.03490469911292249
15306.58011963854, 0.002959974258350151
15351.253659157443, 0.04282167598329312
15351.253659157443, 0.02820571868414734
15396.61448389971, -0.0014321947280093728
15404.174621356753, 0.014807757826597046
15441.975308641977, 0.03957368547237183
15449.535446099024, 0.025160727580158637
15487.336133384244, 0.0038457898522379352
15532.696958126515, 0.03876168784464151
15532.696958126515, 0.024145730545495736
15578.057782868782, -0.004274186425065274
15585.617920325825, 0.012913096695226445
15623.418607611049, 0.03673169377531571
15668.779432353316, 0.022115736476169934
15668.779432353316, 0.0014097969690469725
15714.140257095587, 0.03551369733372023
15751.94094438081, 0.00100379815518159
15759.501081837854, 0.01967974359297897
15804.861906580121, 0.03429570089212475
15804.861906580121, -0.00894317278451462
15850.222731322388, 0.0030337922245076143
15855.622829505995, 0.018287747659727183
15897.095583556067, -0.007603376698759545
15903.143693521703, 0.031859708008933785
15948.50451826397, 0.004522454542013055
15986.305205549193, 0.03754369140304603
15986.305205549193, 0.022927734103900255
16020.325824105894, -0.011226916112506258
16039.226167748508, 0.010477103812035482
16077.026855033731, 0.033077704450529266
16107.267404861908, -0.006101181087458496
16122.387679775999, 0.01724375070978801
16160.188367061222, -0.010770167446907841
16175.308641975313, 0.0286117174980125
16201.425480463284, -0.0013583767618519094
16258.470154002804, 0.03429570089212475
16258.470154002804, 0.01967974359297897
16288.71070383098, 0.005063786293833417
16288.71070383098, -0.008334174563716878
16349.191803487338, 0.011965766129540922
16355.239913452977, 0.03088531085565749
16379.432353315518, -0.005492182866660755
16439.913452971876, 0.03835568903077635
16439.913452971876, 0.023739731731630576
16439.913452971876, 0.009123774432485021
16474.354079165078, -0.003732854673245134
16523.074964999367, -0.005898181680525916
16530.63510245641, 0.03673169377531571
16530.63510245641, 0.022115736476169934
16564.312078401428, 0.0019634317152266156
16621.356751940948, 0.03551369733372023
16621.356751940948, 0.020897740034574452
16654.11734758814, 0.007499779177024157
16672.11767486682, -0.005376183205556551
16719.63853888253, 0.031047710381203464
16749.879088710706, 0.012676264053804953
16757.43922616775, -0.005492182866660755
16802.80005091002, 0.03673169377531571
16833.040600738197, 0.022115736476169934
16836.47702685504, 0.0020741586644625887
16899.569810360194, 0.03283410516221008
16923.762250222735, 0.004048789259170293
16984.243349879092, 0.020491741220709292
16991.803487336136, 0.03673169377531571
17014.48389970727, 0.004698387361354639
17074.964999363627, 0.022927734103900255
17082.525136820674, 0.03916768665850667
17105.205549191807, 0.007743378465343342
17169.123074965002, 0.04093931784628202
17170.22273132239, 0.021141339322893637
17195.92719867634, 0.006078783328496318
17256.4082983327, 0.0286117174980125
17256.4082983327, 0.014604758419664687
17263.968435789746, 0.0462049994321696
17294.208985617923, 0.00952977324634996
17347.129947817237, 0.032671705636664106
17347.129947817237, 0.01805574833751833
17353.178057782872, 0.051834849651099635
17420.211276568665, 0.014401759012731885
17437.85159730177, 0.04363367361102344
17437.85159730177, 0.02901771631187766
17445.411734758818, 0.0613622884831353
17485.732467863058, 0.020491741220709292
17528.57324678631, 0.048911658191270524
17528.57324678631, 0.03470169970598991
17532.009672903147, 0.06950687074915751
17616.05483736068, 0.07640357787299701
17617.782868779435, 0.042699876339133525
17619.294896270843, 0.06109162260722534
17698.33269695813, 0.038060417166147165
17710.01654575538, 0.07286558820931477
17710.01654575538, 0.05824963091016899
17787.67977599593, 0.04027495615086618
17800.738195239916, 0.06474561193201178
17800.738195239916, 0.05134765107446149
17806.13829342352, 0.024551729359360897
17891.459844724453, 0.0635276154904163
17891.459844724453, 0.048911658191270524
17891.459844724453, 0.03429570089212475
17893.97989054347, 0.01656708602001289
17970.49764541174, 0.01181813019722644
17982.181494208988, 0.06109162260722534
17982.181494208988, 0.04647566530807956
17982.181494208988, 0.031859708008933785
18057.782868779435, 0.011153768501810601
18072.903143693526, 0.04728766293580988
18072.903143693526, 0.032671705636664106
18145.480463281154, 0.01224996529924649
18159.088710703836, 0.028936516549104674
18163.62479317806, 0.04322767479715828
18201.425480463284, 0.003169125162462594
18254.346442662598, 0.03754369140304603
18254.346442662598, 0.022927734103900255
18288.907071037658, 0.004019789343894242
18352.62822960418, 0.031047710381203464
18369.90854379171, -0.0024181918473960007
18382.868779432356, 0.012676264053804953
18435.78974163167, 0.03510769851985507
18462.59386534301, -0.0008047420156722662
18471.43038964345, 0.018287747659727183
18532.559501081843, 0.03112891014397645
18559.7759959272, 0.003358591275599565
18579.43235331552, -0.00934917159837978
18617.233040600742, 0.01846174715138349
18624.793178057786, 0.03591969614758539
18655.033727885966, 0.002932292521041324
18655.033727885966, -0.00894317278451462
18707.954690085277, 0.040385683100102154
18707.954690085277, 0.025769725800956378
18745.7553773705, 0.012676264053804953
18758.71561301115, -0.003114189814021895
18798.676339569814, 0.03510769851985507
18828.91688939799, 0.01967974359297897
18844.03716431208, -0.0010261959141439903
18896.958126511396, 0.031589042133023826
18927.198676339573, 0.013589761385001564
18938.53888252514, -0.004984684349329305
18964.999363624796, 0.03490469911292249
18987.67977599593, 0.02008574240684413
18995.239913452973, 0.0038457898522379352
