"temperature","vtkValidPointMask","arc_length","Points:0","Points:1","Points:2"
636.87,1,0,0,-1,0
637.02,1,0.0008,9.1849e-20,-1,0.0008
637.17,1,0.0016,1.837e-19,-1,0.0016
637.32,1,0.0024,2.7555e-19,-1,0.0024
637.46,1,0.0032,3.6739e-19,-1,0.0032
637.61,1,0.004,4.5924e-19,-1,0.004
637.76,1,0.0048,5.5109e-19,-1,0.0048
637.91,1,0.0056,6.4294e-19,-1,0.0056
638.06,1,0.0064,7.3479e-19,-1,0.0064
638.2,1,0.0072,8.2664e-19,-1,0.0072
638.35,1,0.008,9.1849e-19,-1,0.008
638.5,1,0.0088,1.0103e-18,-1,0.0088
638.65,1,0.0096,1.1022e-18,-1,0.0096
638.8,1,0.0104,1.194e-18,-1,0.0104
638.94,1,0.0112,1.2859e-18,-1,0.0112
639.09,1,0.012,1.3777e-18,-1,0.012
639.24,1,0.0128,1.4696e-18,-1,0.0128
639.39,1,0.0136,1.5614e-18,-1,0.0136
639.54,1,0.0144,1.6533e-18,-1,0.0144
639.68,1,0.0152,1.7451e-18,-1,0.0152
639.83,1,0.016,1.837e-18,-1,0.016
639.98,1,0.0168,1.9288e-18,-1,0.0168
640.13,1,0.0176,2.0207e-18,-1,0.0176
640.28,1,0.0184,2.1125e-18,-1,0.0184
640.42,1,0.0192,2.2044e-18,-1,0.0192
640.57,1,0.02,2.2962e-18,-1,0.02
640.72,1,0.0208,2.3881e-18,-1,0.0208
640.87,1,0.0216,2.4799e-18,-1,0.0216
641.02,1,0.0224,2.5718e-18,-1,0.0224
641.16,1,0.0232,2.6636e-18,-1,0.0232
641.31,1,0.024,2.7555e-18,-1,0.024
641.46,1,0.0248,2.8473e-18,-1,0.0248
641.61,1,0.0256,2.9392e-18,-1,0.0256
641.76,1,0.0264,3.031e-18,-1,0.0264
641.9,1,0.0272,3.1228e-18,-1,0.0272
642.05,1,0.028,3.2147e-18,-1,0.028
642.2,1,0.0288,3.3065e-18,-1,0.0288
642.35,1,0.0296,3.3984e-18,-1,0.0296
642.5,1,0.0304,3.4902e-18,-1,0.0304
642.64,1,0.0312,3.5821e-18,-1,0.0312
642.79,1,0.032,3.6739e-18,-1,0.032
642.94,1,0.0328,3.7658e-18,-1,0.0328
643.09,1,0.0336,3.8576e-18,-1,0.0336
643.24,1,0.0344,3.9495e-18,-1,0.0344
643.38,1,0.0352,4.0413e-18,-1,0.0352
643.53,1,0.036,4.1332e-18,-1,0.036
643.68,1,0.0368,4.225e-18,-1,0.0368
643.83,1,0.0376,4.3169e-18,-1,0.0376
643.98,1,0.0384,4.4087e-18,-1,0.0384
644.12,1,0.0392,4.5006e-18,-1,0.0392
644.27,1,0.04,4.5924e-18,-1,0.04
644.43,1,0.0408,4.6843e-18,-1,0.0408
644.59,1,0.0416,4.7761e-18,-1,0.0416
644.75,1,0.0424,4.868e-18,-1,0.0424
644.91,1,0.0432,4.9598e-18,-1,0.0432
645.07,1,0.044,5.0517e-18,-1,0.044
645.23,1,0.0448,5.1435e-18,-1,0.0448
645.39,1,0.0456,5.2354e-18,-1,0.0456
645.55,1,0.0464,5.3272e-18,-1,0.0464
645.71,1,0.0472,5.4191e-18,-1,0.0472
645.87,1,0.048,5.5109e-18,-1,0.048
646.03,1,0.0488,5.6028e-18,-1,0.0488
646.19,1,0.0496,5.6946e-18,-1,0.0496
646.35,1,0.0504,5.7865e-18,-1,0.0504
646.51,1,0.0512,5.8783e-18,-1,0.0512
646.67,1,0.052,5.9702e-18,-1,0.052
646.83,1,0.0528,6.062e-18,-1,0.0528
646.98,1,0.0536,6.1538e-18,-1,0.0536
647.14,1,0.0544,6.2457e-18,-1,0.0544
647.3,1,0.0552,6.3375e-18,-1,0.0552
647.46,1,0.056,6.4294e-18,-1,0.056
647.62,1,0.0568,6.5212e-18,-1,0.0568
647.78,1,0.0576,6.6131e-18,-1,0.0576
647.94,1,0.0584,6.7049e-18,-1,0.0584
648.1,1,0.0592,6.7968e-18,-1,0.0592
648.26,1,0.06,6.8886e-18,-1,0.06
648.42,1,0.0608,6.9805e-18,-1,0.0608
648.58,1,0.0616,7.0723e-18,-1,0.0616
648.74,1,0.0624,7.1642e-18,-1,0.0624
648.9,1,0.0632,7.256e-18,-1,0.0632
649.06,1,0.064,7.3479e-18,-1,0.064
649.22,1,0.0648,7.4397e-18,-1,0.0648
649.38,1,0.0656,7.5316e-18,-1,0.0656
649.54,1,0.0664,7.6234e-18,-1,0.0664
649.7,1,0.0672,7.7153e-18,-1,0.0672
649.86,1,0.068,7.8071e-18,-1,0.068
650.02,1,0.0688,7.899e-18,-1,0.0688
650.18,1,0.0696,7.9908e-18,-1,0.0696
650.34,1,0.0704,8.0827e-18,-1,0.0704
650.5,1,0.0712,8.1745e-18,-1,0.0712
650.66,1,0.072,8.2664e-18,-1,0.072
650.82,1,0.0728,8.3582e-18,-1,0.0728
650.98,1,0.0736,8.4501e-18,-1,0.0736
651.14,1,0.0744,8.5419e-18,-1,0.0744
651.29,1,0.0752,8.6338e-18,-1,0.0752
651.45,1,0.076,8.7256e-18,-1,0.076
651.61,1,0.0768,8.8175e-18,-1,0.0768
651.77,1,0.0776,8.9093e-18,-1,0.0776
651.93,1,0.0784,9.0012e-18,-1,0.0784
652.09,1,0.0792,9.093e-18,-1,0.0792
652.25,1,0.08,9.1849e-18,-1,0.08
652.43,1,0.0808,9.2767e-18,-1,0.0808
652.6,1,0.0816,9.3685e-18,-1,0.0816
652.77,1,0.0824,9.4604e-18,-1,0.0824
652.94,1,0.0832,9.5522e-18,-1,0.0832
653.12,1,0.084,9.6441e-18,-1,0.084
653.29,1,0.0848,9.7359e-18,-1,0.0848
653.46,1,0.0856,9.8278e-18,-1,0.0856
653.64,1,0.0864,9.9196e-18,-1,0.0864
653.81,1,0.0872,1.0011e-17,-1,0.0872
653.98,1,0.088,1.0103e-17,-1,0.088
654.16,1,0.0888,1.0195e-17,-1,0.0888
654.33,1,0.0896,1.0287e-17,-1,0.0896
654.5,1,0.0904,1.0379e-17,-1,0.0904
654.67,1,0.0912,1.0471e-17,-1,0.0912
654.85,1,0.092,1.0563e-17,-1,0.092
655.02,1,0.0928,1.0654e-17,-1,0.0928
655.19,1,0.0936,1.0746e-17,-1,0.0936
655.37,1,0.0944,1.0838e-17,-1,0.0944
655.54,1,0.0952,1.093e-17,-1,0.0952
655.71,1,0.096,1.1022e-17,-1,0.096
655.89,1,0.0968,1.1114e-17,-1,0.0968
656.06,1,0.0976,1.1206e-17,-1,0.0976
656.23,1,0.0984,1.1297e-17,-1,0.0984
656.4,1,0.0992,1.1389e-17,-1,0.0992
656.58,1,0.1,1.1481e-17,-1,0.1
656.75,1,0.1008,1.1573e-17,-1,0.1008
656.92,1,0.1016,1.1665e-17,-1,0.1016
657.1,1,0.1024,1.1757e-17,-1,0.1024
657.27,1,0.1032,1.1848e-17,-1,0.1032
657.44,1,0.104,1.194e-17,-1,0.104
657.62,1,0.1048,1.2032e-17,-1,0.1048
657.79,1,0.1056,1.2124e-17,-1,0.1056
657.96,1,0.1064,1.2216e-17,-1,0.1064
658.13,1,0.1072,1.2308e-17,-1,0.1072
658.31,1,0.108,1.24e-17,-1,0.108
658.48,1,0.1088,1.2491e-17,-1,0.1088
658.65,1,0.1096,1.2583e-17,-1,0.1096
658.83,1,0.1104,1.2675e-17,-1,0.1104
659,1,0.1112,1.2767e-17,-1,0.1112
659.17,1,0.112,1.2859e-17,-1,0.112
659.35,1,0.1128,1.2951e-17,-1,0.1128
659.52,1,0.1136,1.3042e-17,-1,0.1136
659.69,1,0.1144,1.3134e-17,-1,0.1144
659.86,1,0.1152,1.3226e-17,-1,0.1152
660.04,1,0.116,1.3318e-17,-1,0.116
660.21,1,0.1168,1.341e-17,-1,0.1168
660.38,1,0.1176,1.3502e-17,-1,0.1176
660.56,1,0.1184,1.3594e-17,-1,0.1184
660.73,1,0.1192,1.3685e-17,-1,0.1192
660.9,1,0.12,1.3777e-17,-1,0.12
661.09,1,0.1208,1.3869e-17,-1,0.1208
661.27,1,0.1216,1.3961e-17,-1,0.1216
661.45,1,0.1224,1.4053e-17,-1,0.1224
661.64,1,0.1232,1.4145e-17,-1,0.1232
661.82,1,0.124,1.4237e-17,-1,0.124
662.01,1,0.1248,1.4328e-17,-1,0.1248
662.19,1,0.1256,1.442e-17,-1,0.1256
662.37,1,0.1264,1.4512e-17,-1,0.1264
662.56,1,0.1272,1.4604e-17,-1,0.1272
662.74,1,0.128,1.4696e-17,-1,0.128
662.93,1,0.1288,1.4788e-17,-1,0.1288
663.11,1,0.1296,1.4879e-17,-1,0.1296
663.29,1,0.1304,1.4971e-17,-1,0.1304
663.48,1,0.1312,1.5063e-17,-1,0.1312
663.66,1,0.132,1.5155e-17,-1,0.132
663.84,1,0.1328,1.5247e-17,-1,0.1328
664.03,1,0.1336,1.5339e-17,-1,0.1336
664.21,1,0.1344,1.5431e-17,-1,0.1344
664.4,1,0.1352,1.5522e-17,-1,0.1352
664.58,1,0.136,1.5614e-17,-1,0.136
664.76,1,0.1368,1.5706e-17,-1,0.1368
664.95,1,0.1376,1.5798e-17,-1,0.1376
665.13,1,0.1384,1.589e-17,-1,0.1384
665.32,1,0.1392,1.5982e-17,-1,0.1392
665.5,1,0.14,1.6073e-17,-1,0.14
665.68,1,0.1408,1.6165e-17,-1,0.1408
665.87,1,0.1416,1.6257e-17,-1,0.1416
666.05,1,0.1424,1.6349e-17,-1,0.1424
666.23,1,0.1432,1.6441e-17,-1,0.1432
666.42,1,0.144,1.6533e-17,-1,0.144
666.6,1,0.1448,1.6625e-17,-1,0.1448
666.79,1,0.1456,1.6716e-17,-1,0.1456
666.97,1,0.1464,1.6808e-17,-1,0.1464
667.15,1,0.1472,1.69e-17,-1,0.1472
667.34,1,0.148,1.6992e-17,-1,0.148
667.52,1,0.1488,1.7084e-17,-1,0.1488
667.71,1,0.1496,1.7176e-17,-1,0.1496
667.89,1,0.1504,1.7268e-17,-1,0.1504
668.07,1,0.1512,1.7359e-17,-1,0.1512
668.26,1,0.152,1.7451e-17,-1,0.152
668.44,1,0.1528,1.7543e-17,-1,0.1528
668.62,1,0.1536,1.7635e-17,-1,0.1536
668.81,1,0.1544,1.7727e-17,-1,0.1544
668.99,1,0.1552,1.7819e-17,-1,0.1552
669.18,1,0.156,1.791e-17,-1,0.156
669.36,1,0.1568,1.8002e-17,-1,0.1568
669.54,1,0.1576,1.8094e-17,-1,0.1576
669.73,1,0.1584,1.8186e-17,-1,0.1584
669.91,1,0.1592,1.8278e-17,-1,0.1592
670.1,1,0.16,1.837e-17,-1,0.16
670.29,1,0.1608,1.8462e-17,-1,0.1608
670.48,1,0.1616,1.8553e-17,-1,0.1616
670.67,1,0.1624,1.8645e-17,-1,0.1624
670.86,1,0.1632,1.8737e-17,-1,0.1632
671.06,1,0.164,1.8829e-17,-1,0.164
671.25,1,0.1648,1.8921e-17,-1,0.1648
671.44,1,0.1656,1.9013e-17,-1,0.1656
671.63,1,0.1664,1.9104e-17,-1,0.1664
671.83,1,0.1672,1.9196e-17,-1,0.1672
672.02,1,0.168,1.9288e-17,-1,0.168
672.21,1,0.1688,1.938e-17,-1,0.1688
672.4,1,0.1696,1.9472e-17,-1,0.1696
672.59,1,0.1704,1.9564e-17,-1,0.1704
672.79,1,0.1712,1.9656e-17,-1,0.1712
672.98,1,0.172,1.9747e-17,-1,0.172
673.17,1,0.1728,1.9839e-17,-1,0.1728
673.36,1,0.1736,1.9931e-17,-1,0.1736
673.56,1,0.1744,2.0023e-17,-1,0.1744
673.75,1,0.1752,2.0115e-17,-1,0.1752
673.94,1,0.176,2.0207e-17,-1,0.176
674.13,1,0.1768,2.0299e-17,-1,0.1768
674.32,1,0.1776,2.039e-17,-1,0.1776
674.52,1,0.1784,2.0482e-17,-1,0.1784
674.71,1,0.1792,2.0574e-17,-1,0.1792
674.9,1,0.18,2.0666e-17,-1,0.18
675.09,1,0.1808,2.0758e-17,-1,0.1808
675.29,1,0.1816,2.085e-17,-1,0.1816
675.48,1,0.1824,2.0941e-17,-1,0.1824
675.67,1,0.1832,2.1033e-17,-1,0.1832
675.86,1,0.184,2.1125e-17,-1,0.184
676.05,1,0.1848,2.1217e-17,-1,0.1848
676.25,1,0.1856,2.1309e-17,-1,0.1856
676.44,1,0.1864,2.1401e-17,-1,0.1864
676.63,1,0.1872,2.1493e-17,-1,0.1872
676.82,1,0.188,2.1584e-17,-1,0.188
677.02,1,0.1888,2.1676e-17,-1,0.1888
677.21,1,0.1896,2.1768e-17,-1,0.1896
677.4,1,0.1904,2.186e-17,-1,0.1904
677.59,1,0.1912,2.1952e-17,-1,0.1912
677.78,1,0.192,2.2044e-17,-1,0.192
677.98,1,0.1928,2.2135e-17,-1,0.1928
678.17,1,0.1936,2.2227e-17,-1,0.1936
678.36,1,0.1944,2.2319e-17,-1,0.1944
678.55,1,0.1952,2.2411e-17,-1,0.1952
678.75,1,0.196,2.2503e-17,-1,0.196
678.94,1,0.1968,2.2595e-17,-1,0.1968
679.13,1,0.1976,2.2687e-17,-1,0.1976
679.32,1,0.1984,2.2778e-17,-1,0.1984
679.51,1,0.1992,2.287e-17,-1,0.1992
679.71,1,0.2,2.2962e-17,-1,0.2
679.91,1,0.2008,2.3054e-17,-1,0.2008
680.11,1,0.2016,2.3146e-17,-1,0.2016
680.31,1,0.2024,2.3238e-17,-1,0.2024
680.51,1,0.2032,2.333e-17,-1,0.2032
680.71,1,0.204,2.3421e-17,-1,0.204
680.91,1,0.2048,2.3513e-17,-1,0.2048
681.11,1,0.2056,2.3605e-17,-1,0.2056
681.32,1,0.2064,2.3697e-17,-1,0.2064
681.52,1,0.2072,2.3789e-17,-1,0.2072
681.72,1,0.208,2.3881e-17,-1,0.208
681.92,1,0.2088,2.3972e-17,-1,0.2088
682.12,1,0.2096,2.4064e-17,-1,0.2096
682.32,1,0.2104,2.4156e-17,-1,0.2104
682.52,1,0.2112,2.4248e-17,-1,0.2112
682.72,1,0.212,2.434e-17,-1,0.212
682.92,1,0.2128,2.4432e-17,-1,0.2128
683.12,1,0.2136,2.4524e-17,-1,0.2136
683.33,1,0.2144,2.4615e-17,-1,0.2144
683.53,1,0.2152,2.4707e-17,-1,0.2152
683.73,1,0.216,2.4799e-17,-1,0.216
683.93,1,0.2168,2.4891e-17,-1,0.2168
684.13,1,0.2176,2.4983e-17,-1,0.2176
684.33,1,0.2184,2.5075e-17,-1,0.2184
684.53,1,0.2192,2.5166e-17,-1,0.2192
684.73,1,0.22,2.5258e-17,-1,0.22
684.93,1,0.2208,2.535e-17,-1,0.2208
685.14,1,0.2216,2.5442e-17,-1,0.2216
685.34,1,0.2224,2.5534e-17,-1,0.2224
685.54,1,0.2232,2.5626e-17,-1,0.2232
685.74,1,0.224,2.5718e-17,-1,0.224
685.94,1,0.2248,2.5809e-17,-1,0.2248
686.14,1,0.2256,2.5901e-17,-1,0.2256
686.34,1,0.2264,2.5993e-17,-1,0.2264
686.54,1,0.2272,2.6085e-17,-1,0.2272
686.74,1,0.228,2.6177e-17,-1,0.228
686.94,1,0.2288,2.6269e-17,-1,0.2288
687.15,1,0.2296,2.6361e-17,-1,0.2296
687.35,1,0.2304,2.6452e-17,-1,0.2304
687.55,1,0.2312,2.6544e-17,-1,0.2312
687.75,1,0.232,2.6636e-17,-1,0.232
687.95,1,0.2328,2.6728e-17,-1,0.2328
688.15,1,0.2336,2.682e-17,-1,0.2336
688.35,1,0.2344,2.6912e-17,-1,0.2344
688.55,1,0.2352,2.7003e-17,-1,0.2352
688.75,1,0.236,2.7095e-17,-1,0.236
688.96,1,0.2368,2.7187e-17,-1,0.2368
689.16,1,0.2376,2.7279e-17,-1,0.2376
689.36,1,0.2384,2.7371e-17,-1,0.2384
689.56,1,0.2392,2.7463e-17,-1,0.2392
689.76,1,0.24,2.7555e-17,-1,0.24
689.97,1,0.2408,2.7646e-17,-1,0.2408
690.18,1,0.2416,2.7738e-17,-1,0.2416
690.39,1,0.2424,2.783e-17,-1,0.2424
690.59,1,0.2432,2.7922e-17,-1,0.2432
690.8,1,0.244,2.8014e-17,-1,0.244
691.01,1,0.2448,2.8106e-17,-1,0.2448
691.22,1,0.2456,2.8197e-17,-1,0.2456
691.43,1,0.2464,2.8289e-17,-1,0.2464
691.64,1,0.2472,2.8381e-17,-1,0.2472
691.85,1,0.248,2.8473e-17,-1,0.248
692.06,1,0.2488,2.8565e-17,-1,0.2488
692.26,1,0.2496,2.8657e-17,-1,0.2496
692.47,1,0.2504,2.8749e-17,-1,0.2504
692.68,1,0.2512,2.884e-17,-1,0.2512
692.89,1,0.252,2.8932e-17,-1,0.252
693.1,1,0.2528,2.9024e-17,-1,0.2528
693.31,1,0.2536,2.9116e-17,-1,0.2536
693.52,1,0.2544,2.9208e-17,-1,0.2544
693.72,1,0.2552,2.93e-17,-1,0.2552
693.93,1,0.256,2.9392e-17,-1,0.256
694.14,1,0.2568,2.9483e-17,-1,0.2568
694.35,1,0.2576,2.9575e-17,-1,0.2576
694.56,1,0.2584,2.9667e-17,-1,0.2584
694.77,1,0.2592,2.9759e-17,-1,0.2592
694.98,1,0.26,2.9851e-17,-1,0.26
695.19,1,0.2608,2.9943e-17,-1,0.2608
695.39,1,0.2616,3.0034e-17,-1,0.2616
695.6,1,0.2624,3.0126e-17,-1,0.2624
695.81,1,0.2632,3.0218e-17,-1,0.2632
696.02,1,0.264,3.031e-17,-1,0.264
696.23,1,0.2648,3.0402e-17,-1,0.2648
696.44,1,0.2656,3.0494e-17,-1,0.2656
696.65,1,0.2664,3.0586e-17,-1,0.2664
696.86,1,0.2672,3.0677e-17,-1,0.2672
697.06,1,0.268,3.0769e-17,-1,0.268
697.27,1,0.2688,3.0861e-17,-1,0.2688
697.48,1,0.2696,3.0953e-17,-1,0.2696
697.69,1,0.2704,3.1045e-17,-1,0.2704
697.9,1,0.2712,3.1137e-17,-1,0.2712
698.11,1,0.272,3.1228e-17,-1,0.272
698.32,1,0.2728,3.132e-17,-1,0.2728
698.53,1,0.2736,3.1412e-17,-1,0.2736
698.73,1,0.2744,3.1504e-17,-1,0.2744
698.94,1,0.2752,3.1596e-17,-1,0.2752
699.15,1,0.276,3.1688e-17,-1,0.276
699.36,1,0.2768,3.178e-17,-1,0.2768
699.57,1,0.2776,3.1871e-17,-1,0.2776
699.78,1,0.2784,3.1963e-17,-1,0.2784
699.99,1,0.2792,3.2055e-17,-1,0.2792
700.19,1,0.28,3.2147e-17,-1,0.28
700.41,1,0.2808,3.2239e-17,-1,0.2808
700.62,1,0.2816,3.2331e-17,-1,0.2816
700.84,1,0.2824,3.2423e-17,-1,0.2824
701.05,1,0.2832,3.2514e-17,-1,0.2832
701.26,1,0.284,3.2606e-17,-1,0.284
701.48,1,0.2848,3.2698e-17,-1,0.2848
701.69,1,0.2856,3.279e-17,-1,0.2856
701.9,1,0.2864,3.2882e-17,-1,0.2864
702.12,1,0.2872,3.2974e-17,-1,0.2872
702.33,1,0.288,3.3065e-17,-1,0.288
702.54,1,0.2888,3.3157e-17,-1,0.2888
702.76,1,0.2896,3.3249e-17,-1,0.2896
702.97,1,0.2904,3.3341e-17,-1,0.2904
703.19,1,0.2912,3.3433e-17,-1,0.2912
703.4,1,0.292,3.3525e-17,-1,0.292
703.61,1,0.2928,3.3617e-17,-1,0.2928
703.83,1,0.2936,3.3708e-17,-1,0.2936
704.04,1,0.2944,3.38e-17,-1,0.2944
704.25,1,0.2952,3.3892e-17,-1,0.2952
704.47,1,0.296,3.3984e-17,-1,0.296
704.68,1,0.2968,3.4076e-17,-1,0.2968
704.89,1,0.2976,3.4168e-17,-1,0.2976
705.11,1,0.2984,3.4259e-17,-1,0.2984
705.32,1,0.2992,3.4351e-17,-1,0.2992
705.53,1,0.3,3.4443e-17,-1,0.3
705.75,1,0.3008,3.4535e-17,-1,0.3008
705.96,1,0.3016,3.4627e-17,-1,0.3016
706.18,1,0.3024,3.4719e-17,-1,0.3024
706.39,1,0.3032,3.4811e-17,-1,0.3032
706.6,1,0.304,3.4902e-17,-1,0.304
706.82,1,0.3048,3.4994e-17,-1,0.3048
707.03,1,0.3056,3.5086e-17,-1,0.3056
707.24,1,0.3064,3.5178e-17,-1,0.3064
707.46,1,0.3072,3.527e-17,-1,0.3072
707.67,1,0.308,3.5362e-17,-1,0.308
707.88,1,0.3088,3.5454e-17,-1,0.3088
708.1,1,0.3096,3.5545e-17,-1,0.3096
708.31,1,0.3104,3.5637e-17,-1,0.3104
708.52,1,0.3112,3.5729e-17,-1,0.3112
708.74,1,0.312,3.5821e-17,-1,0.312
708.95,1,0.3128,3.5913e-17,-1,0.3128
709.17,1,0.3136,3.6005e-17,-1,0.3136
709.38,1,0.3144,3.6096e-17,-1,0.3144
709.59,1,0.3152,3.6188e-17,-1,0.3152
709.81,1,0.316,3.628e-17,-1,0.316
710.02,1,0.3168,3.6372e-17,-1,0.3168
710.23,1,0.3176,3.6464e-17,-1,0.3176
710.45,1,0.3184,3.6556e-17,-1,0.3184
710.66,1,0.3192,3.6648e-17,-1,0.3192
710.87,1,0.32,3.6739e-17,-1,0.32
711.09,1,0.3208,3.6831e-17,-1,0.3208
711.31,1,0.3216,3.6923e-17,-1,0.3216
711.52,1,0.3224,3.7015e-17,-1,0.3224
711.74,1,0.3232,3.7107e-17,-1,0.3232
711.95,1,0.324,3.7199e-17,-1,0.324
712.17,1,0.3248,3.729e-17,-1,0.3248
712.39,1,0.3256,3.7382e-17,-1,0.3256
712.6,1,0.3264,3.7474e-17,-1,0.3264
712.82,1,0.3272,3.7566e-17,-1,0.3272
713.03,1,0.328,3.7658e-17,-1,0.328
713.25,1,0.3288,3.775e-17,-1,0.3288
713.47,1,0.3296,3.7842e-17,-1,0.3296
713.68,1,0.3304,3.7933e-17,-1,0.3304
713.9,1,0.3312,3.8025e-17,-1,0.3312
714.11,1,0.332,3.8117e-17,-1,0.332
714.33,1,0.3328,3.8209e-17,-1,0.3328
714.55,1,0.3336,3.8301e-17,-1,0.3336
714.76,1,0.3344,3.8393e-17,-1,0.3344
714.98,1,0.3352,3.8485e-17,-1,0.3352
715.19,1,0.336,3.8576e-17,-1,0.336
715.41,1,0.3368,3.8668e-17,-1,0.3368
715.62,1,0.3376,3.876e-17,-1,0.3376
715.84,1,0.3384,3.8852e-17,-1,0.3384
716.06,1,0.3392,3.8944e-17,-1,0.3392
716.27,1,0.34,3.9036e-17,-1,0.34
716.49,1,0.3408,3.9127e-17,-1,0.3408
716.7,1,0.3416,3.9219e-17,-1,0.3416
716.92,1,0.3424,3.9311e-17,-1,0.3424
717.14,1,0.3432,3.9403e-17,-1,0.3432
717.35,1,0.344,3.9495e-17,-1,0.344
717.57,1,0.3448,3.9587e-17,-1,0.3448
717.78,1,0.3456,3.9679e-17,-1,0.3456
718,1,0.3464,3.977e-17,-1,0.3464
718.22,1,0.3472,3.9862e-17,-1,0.3472
718.43,1,0.348,3.9954e-17,-1,0.348
718.65,1,0.3488,4.0046e-17,-1,0.3488
718.86,1,0.3496,4.0138e-17,-1,0.3496
719.08,1,0.3504,4.023e-17,-1,0.3504
719.3,1,0.3512,4.0321e-17,-1,0.3512
719.51,1,0.352,4.0413e-17,-1,0.352
719.73,1,0.3528,4.0505e-17,-1,0.3528
719.94,1,0.3536,4.0597e-17,-1,0.3536
720.16,1,0.3544,4.0689e-17,-1,0.3544
720.37,1,0.3552,4.0781e-17,-1,0.3552
720.59,1,0.356,4.0873e-17,-1,0.356
720.81,1,0.3568,4.0964e-17,-1,0.3568
721.02,1,0.3576,4.1056e-17,-1,0.3576
721.24,1,0.3584,4.1148e-17,-1,0.3584
721.45,1,0.3592,4.124e-17,-1,0.3592
721.67,1,0.36,4.1332e-17,-1,0.36
721.89,1,0.3608,4.1424e-17,-1,0.3608
722.1,1,0.3616,4.1516e-17,-1,0.3616
722.32,1,0.3624,4.1607e-17,-1,0.3624
722.54,1,0.3632,4.1699e-17,-1,0.3632
722.75,1,0.364,4.1791e-17,-1,0.364
722.97,1,0.3648,4.1883e-17,-1,0.3648
723.19,1,0.3656,4.1975e-17,-1,0.3656
723.4,1,0.3664,4.2067e-17,-1,0.3664
723.62,1,0.3672,4.2158e-17,-1,0.3672
723.84,1,0.368,4.225e-17,-1,0.368
724.05,1,0.3688,4.2342e-17,-1,0.3688
724.27,1,0.3696,4.2434e-17,-1,0.3696
724.49,1,0.3704,4.2526e-17,-1,0.3704
724.7,1,0.3712,4.2618e-17,-1,0.3712
724.92,1,0.372,4.271e-17,-1,0.372
725.14,1,0.3728,4.2801e-17,-1,0.3728
725.35,1,0.3736,4.2893e-17,-1,0.3736
725.57,1,0.3744,4.2985e-17,-1,0.3744
725.79,1,0.3752,4.3077e-17,-1,0.3752
726,1,0.376,4.3169e-17,-1,0.376
726.22,1,0.3768,4.3261e-17,-1,0.3768
726.44,1,0.3776,4.3352e-17,-1,0.3776
726.65,1,0.3784,4.3444e-17,-1,0.3784
726.87,1,0.3792,4.3536e-17,-1,0.3792
727.09,1,0.38,4.3628e-17,-1,0.38
727.31,1,0.3808,4.372e-17,-1,0.3808
727.52,1,0.3816,4.3812e-17,-1,0.3816
727.74,1,0.3824,4.3904e-17,-1,0.3824
727.96,1,0.3832,4.3995e-17,-1,0.3832
728.17,1,0.384,4.4087e-17,-1,0.384
728.39,1,0.3848,4.4179e-17,-1,0.3848
728.61,1,0.3856,4.4271e-17,-1,0.3856
728.82,1,0.3864,4.4363e-17,-1,0.3864
729.04,1,0.3872,4.4455e-17,-1,0.3872
729.26,1,0.388,4.4547e-17,-1,0.388
729.47,1,0.3888,4.4638e-17,-1,0.3888
729.69,1,0.3896,4.473e-17,-1,0.3896
729.91,1,0.3904,4.4822e-17,-1,0.3904
730.12,1,0.3912,4.4914e-17,-1,0.3912
730.34,1,0.392,4.5006e-17,-1,0.392
730.56,1,0.3928,4.5098e-17,-1,0.3928
730.77,1,0.3936,4.5189e-17,-1,0.3936
730.99,1,0.3944,4.5281e-17,-1,0.3944
731.21,1,0.3952,4.5373e-17,-1,0.3952
731.42,1,0.396,4.5465e-17,-1,0.396
731.64,1,0.3968,4.5557e-17,-1,0.3968
731.86,1,0.3976,4.5649e-17,-1,0.3976
732.07,1,0.3984,4.5741e-17,-1,0.3984
732.29,1,0.3992,4.5832e-17,-1,0.3992
732.51,1,0.4,4.5924e-17,-1,0.4
732.72,1,0.4008,4.6016e-17,-1,0.4008
732.94,1,0.4016,4.6108e-17,-1,0.4016
733.15,1,0.4024,4.62e-17,-1,0.4024
733.37,1,0.4032,4.6292e-17,-1,0.4032
733.58,1,0.404,4.6383e-17,-1,0.404
733.8,1,0.4048,4.6475e-17,-1,0.4048
734.01,1,0.4056,4.6567e-17,-1,0.4056
734.23,1,0.4064,4.6659e-17,-1,0.4064
734.44,1,0.4072,4.6751e-17,-1,0.4072
734.66,1,0.408,4.6843e-17,-1,0.408
734.87,1,0.4088,4.6935e-17,-1,0.4088
735.09,1,0.4096,4.7026e-17,-1,0.4096
735.3,1,0.4104,4.7118e-17,-1,0.4104
735.52,1,0.4112,4.721e-17,-1,0.4112
735.73,1,0.412,4.7302e-17,-1,0.412
735.95,1,0.4128,4.7394e-17,-1,0.4128
736.16,1,0.4136,4.7486e-17,-1,0.4136
736.38,1,0.4144,4.7578e-17,-1,0.4144
736.59,1,0.4152,4.7669e-17,-1,0.4152
736.81,1,0.416,4.7761e-17,-1,0.416
737.02,1,0.4168,4.7853e-17,-1,0.4168
737.24,1,0.4176,4.7945e-17,-1,0.4176
737.45,1,0.4184,4.8037e-17,-1,0.4184
737.67,1,0.4192,4.8129e-17,-1,0.4192
737.89,1,0.42,4.822e-17,-1,0.42
738.1,1,0.4208,4.8312e-17,-1,0.4208
738.32,1,0.4216,4.8404e-17,-1,0.4216
738.53,1,0.4224,4.8496e-17,-1,0.4224
738.75,1,0.4232,4.8588e-17,-1,0.4232
738.96,1,0.424,4.868e-17,-1,0.424
739.18,1,0.4248,4.8772e-17,-1,0.4248
739.39,1,0.4256,4.8863e-17,-1,0.4256
739.61,1,0.4264,4.8955e-17,-1,0.4264
739.82,1,0.4272,4.9047e-17,-1,0.4272
740.04,1,0.428,4.9139e-17,-1,0.428
740.25,1,0.4288,4.9231e-17,-1,0.4288
740.47,1,0.4296,4.9323e-17,-1,0.4296
740.68,1,0.4304,4.9414e-17,-1,0.4304
740.9,1,0.4312,4.9506e-17,-1,0.4312
741.11,1,0.432,4.9598e-17,-1,0.432
741.33,1,0.4328,4.969e-17,-1,0.4328
741.54,1,0.4336,4.9782e-17,-1,0.4336
741.76,1,0.4344,4.9874e-17,-1,0.4344
741.97,1,0.4352,4.9966e-17,-1,0.4352
742.19,1,0.436,5.0057e-17,-1,0.436
742.4,1,0.4368,5.0149e-17,-1,0.4368
742.62,1,0.4376,5.0241e-17,-1,0.4376
742.83,1,0.4384,5.0333e-17,-1,0.4384
743.05,1,0.4392,5.0425e-17,-1,0.4392
743.26,1,0.44,5.0517e-17,-1,0.44
743.48,1,0.4408,5.0609e-17,-1,0.4408
743.69,1,0.4416,5.07e-17,-1,0.4416
743.9,1,0.4424,5.0792e-17,-1,0.4424
744.11,1,0.4432,5.0884e-17,-1,0.4432
744.33,1,0.444,5.0976e-17,-1,0.444
744.54,1,0.4448,5.1068e-17,-1,0.4448
744.75,1,0.4456,5.116e-17,-1,0.4456
744.96,1,0.4464,5.1251e-17,-1,0.4464
745.18,1,0.4472,5.1343e-17,-1,0.4472
745.39,1,0.448,5.1435e-17,-1,0.448
745.6,1,0.4488,5.1527e-17,-1,0.4488
745.81,1,0.4496,5.1619e-17,-1,0.4496
746.03,1,0.4504,5.1711e-17,-1,0.4504
746.24,1,0.4512,5.1803e-17,-1,0.4512
746.45,1,0.452,5.1894e-17,-1,0.452
746.66,1,0.4528,5.1986e-17,-1,0.4528
746.88,1,0.4536,5.2078e-17,-1,0.4536
747.09,1,0.4544,5.217e-17,-1,0.4544
747.3,1,0.4552,5.2262e-17,-1,0.4552
747.51,1,0.456,5.2354e-17,-1,0.456
747.73,1,0.4568,5.2445e-17,-1,0.4568
747.94,1,0.4576,5.2537e-17,-1,0.4576
748.15,1,0.4584,5.2629e-17,-1,0.4584
748.36,1,0.4592,5.2721e-17,-1,0.4592
748.58,1,0.46,5.2813e-17,-1,0.46
748.79,1,0.4608,5.2905e-17,-1,0.4608
749,1,0.4616,5.2997e-17,-1,0.4616
749.21,1,0.4624,5.3088e-17,-1,0.4624
749.43,1,0.4632,5.318e-17,-1,0.4632
749.64,1,0.464,5.3272e-17,-1,0.464
749.85,1,0.4648,5.3364e-17,-1,0.4648
750.06,1,0.4656,5.3456e-17,-1,0.4656
750.28,1,0.4664,5.3548e-17,-1,0.4664
750.49,1,0.4672,5.364e-17,-1,0.4672
750.7,1,0.468,5.3731e-17,-1,0.468
750.91,1,0.4688,5.3823e-17,-1,0.4688
751.13,1,0.4696,5.3915e-17,-1,0.4696
751.34,1,0.4704,5.4007e-17,-1,0.4704
751.55,1,0.4712,5.4099e-17,-1,0.4712
751.76,1,0.472,5.4191e-17,-1,0.472
751.98,1,0.4728,5.4282e-17,-1,0.4728
752.19,1,0.4736,5.4374e-17,-1,0.4736
752.4,1,0.4744,5.4466e-17,-1,0.4744
752.61,1,0.4752,5.4558e-17,-1,0.4752
752.83,1,0.476,5.465e-17,-1,0.476
753.04,1,0.4768,5.4742e-17,-1,0.4768
753.25,1,0.4776,5.4834e-17,-1,0.4776
753.46,1,0.4784,5.4925e-17,-1,0.4784
753.68,1,0.4792,5.5017e-17,-1,0.4792
753.89,1,0.48,5.5109e-17,-1,0.48
754.1,1,0.4808,5.5201e-17,-1,0.4808
754.31,1,0.4816,5.5293e-17,-1,0.4816
754.51,1,0.4824,5.5385e-17,-1,0.4824
754.72,1,0.4832,5.5476e-17,-1,0.4832
754.93,1,0.484,5.5568e-17,-1,0.484
755.14,1,0.4848,5.566e-17,-1,0.4848
755.35,1,0.4856,5.5752e-17,-1,0.4856
755.55,1,0.4864,5.5844e-17,-1,0.4864
755.76,1,0.4872,5.5936e-17,-1,0.4872
755.97,1,0.488,5.6028e-17,-1,0.488
756.18,1,0.4888,5.6119e-17,-1,0.4888
756.39,1,0.4896,5.6211e-17,-1,0.4896
756.59,1,0.4904,5.6303e-17,-1,0.4904
756.8,1,0.4912,5.6395e-17,-1,0.4912
757.01,1,0.492,5.6487e-17,-1,0.492
757.22,1,0.4928,5.6579e-17,-1,0.4928
757.43,1,0.4936,5.6671e-17,-1,0.4936
757.63,1,0.4944,5.6762e-17,-1,0.4944
757.84,1,0.4952,5.6854e-17,-1,0.4952
758.05,1,0.496,5.6946e-17,-1,0.496
758.26,1,0.4968,5.7038e-17,-1,0.4968
758.47,1,0.4976,5.713e-17,-1,0.4976
758.68,1,0.4984,5.7222e-17,-1,0.4984
758.88,1,0.4992,5.7313e-17,-1,0.4992
759.09,1,0.5,5.7405e-17,-1,0.5
759.3,1,0.5008,5.7497e-17,-1,0.5008
759.51,1,0.5016,5.7589e-17,-1,0.5016
759.72,1,0.5024,5.7681e-17,-1,0.5024
759.92,1,0.5032,5.7773e-17,-1,0.5032
760.13,1,0.504,5.7865e-17,-1,0.504
760.34,1,0.5048,5.7956e-17,-1,0.5048
760.55,1,0.5056,5.8048e-17,-1,0.5056
760.76,1,0.5064,5.814e-17,-1,0.5064
760.96,1,0.5072,5.8232e-17,-1,0.5072
761.17,1,0.508,5.8324e-17,-1,0.508
761.38,1,0.5088,5.8416e-17,-1,0.5088
761.59,1,0.5096,5.8507e-17,-1,0.5096
761.8,1,0.5104,5.8599e-17,-1,0.5104
762.01,1,0.5112,5.8691e-17,-1,0.5112
762.21,1,0.512,5.8783e-17,-1,0.512
762.42,1,0.5128,5.8875e-17,-1,0.5128
762.63,1,0.5136,5.8967e-17,-1,0.5136
762.84,1,0.5144,5.9059e-17,-1,0.5144
763.05,1,0.5152,5.915e-17,-1,0.5152
763.25,1,0.516,5.9242e-17,-1,0.516
763.46,1,0.5168,5.9334e-17,-1,0.5168
763.67,1,0.5176,5.9426e-17,-1,0.5176
763.88,1,0.5184,5.9518e-17,-1,0.5184
764.09,1,0.5192,5.961e-17,-1,0.5192
764.29,1,0.52,5.9702e-17,-1,0.52
764.5,1,0.5208,5.9793e-17,-1,0.5208
764.7,1,0.5216,5.9885e-17,-1,0.5216
764.9,1,0.5224,5.9977e-17,-1,0.5224
765.1,1,0.5232,6.0069e-17,-1,0.5232
765.3,1,0.524,6.0161e-17,-1,0.524
765.5,1,0.5248,6.0253e-17,-1,0.5248
765.7,1,0.5256,6.0344e-17,-1,0.5256
765.9,1,0.5264,6.0436e-17,-1,0.5264
766.1,1,0.5272,6.0528e-17,-1,0.5272
766.3,1,0.528,6.062e-17,-1,0.528
766.5,1,0.5288,6.0712e-17,-1,0.5288
766.7,1,0.5296,6.0804e-17,-1,0.5296
766.9,1,0.5304,6.0896e-17,-1,0.5304
767.1,1,0.5312,6.0987e-17,-1,0.5312
767.3,1,0.532,6.1079e-17,-1,0.532
767.5,1,0.5328,6.1171e-17,-1,0.5328
767.7,1,0.5336,6.1263e-17,-1,0.5336
767.9,1,0.5344,6.1355e-17,-1,0.5344
768.1,1,0.5352,6.1447e-17,-1,0.5352
768.3,1,0.536,6.1538e-17,-1,0.536
768.5,1,0.5368,6.163e-17,-1,0.5368
768.7,1,0.5376,6.1722e-17,-1,0.5376
768.9,1,0.5384,6.1814e-17,-1,0.5384
769.1,1,0.5392,6.1906e-17,-1,0.5392
769.3,1,0.54,6.1998e-17,-1,0.54
769.5,1,0.5408,6.209e-17,-1,0.5408
769.7,1,0.5416,6.2181e-17,-1,0.5416
769.9,1,0.5424,6.2273e-17,-1,0.5424
770.1,1,0.5432,6.2365e-17,-1,0.5432
770.3,1,0.544,6.2457e-17,-1,0.544
770.5,1,0.5448,6.2549e-17,-1,0.5448
770.7,1,0.5456,6.2641e-17,-1,0.5456
770.9,1,0.5464,6.2733e-17,-1,0.5464
771.1,1,0.5472,6.2824e-17,-1,0.5472
771.3,1,0.548,6.2916e-17,-1,0.548
771.5,1,0.5488,6.3008e-17,-1,0.5488
771.71,1,0.5496,6.31e-17,-1,0.5496
771.91,1,0.5504,6.3192e-17,-1,0.5504
772.11,1,0.5512,6.3284e-17,-1,0.5512
772.31,1,0.552,6.3375e-17,-1,0.552
772.51,1,0.5528,6.3467e-17,-1,0.5528
772.71,1,0.5536,6.3559e-17,-1,0.5536
772.91,1,0.5544,6.3651e-17,-1,0.5544
773.11,1,0.5552,6.3743e-17,-1,0.5552
773.31,1,0.556,6.3835e-17,-1,0.556
773.51,1,0.5568,6.3927e-17,-1,0.5568
773.71,1,0.5576,6.4018e-17,-1,0.5576
773.91,1,0.5584,6.411e-17,-1,0.5584
774.11,1,0.5592,6.4202e-17,-1,0.5592
774.31,1,0.56,6.4294e-17,-1,0.56
774.5,1,0.5608,6.4386e-17,-1,0.5608
774.69,1,0.5616,6.4478e-17,-1,0.5616
774.88,1,0.5624,6.457e-17,-1,0.5624
775.07,1,0.5632,6.4661e-17,-1,0.5632
775.26,1,0.564,6.4753e-17,-1,0.564
775.44,1,0.5648,6.4845e-17,-1,0.5648
775.63,1,0.5656,6.4937e-17,-1,0.5656
775.82,1,0.5664,6.5029e-17,-1,0.5664
776.01,1,0.5672,6.5121e-17,-1,0.5672
776.2,1,0.568,6.5212e-17,-1,0.568
776.39,1,0.5688,6.5304e-17,-1,0.5688
776.58,1,0.5696,6.5396e-17,-1,0.5696
776.77,1,0.5704,6.5488e-17,-1,0.5704
776.96,1,0.5712,6.558e-17,-1,0.5712
777.15,1,0.572,6.5672e-17,-1,0.572
777.34,1,0.5728,6.5764e-17,-1,0.5728
777.53,1,0.5736,6.5855e-17,-1,0.5736
777.72,1,0.5744,6.5947e-17,-1,0.5744
777.91,1,0.5752,6.6039e-17,-1,0.5752
778.09,1,0.576,6.6131e-17,-1,0.576
778.28,1,0.5768,6.6223e-17,-1,0.5768
778.47,1,0.5776,6.6315e-17,-1,0.5776
778.66,1,0.5784,6.6406e-17,-1,0.5784
778.85,1,0.5792,6.6498e-17,-1,0.5792
779.04,1,0.58,6.659e-17,-1,0.58
779.23,1,0.5808,6.6682e-17,-1,0.5808
779.42,1,0.5816,6.6774e-17,-1,0.5816
779.61,1,0.5824,6.6866e-17,-1,0.5824
779.8,1,0.5832,6.6958e-17,-1,0.5832
779.99,1,0.584,6.7049e-17,-1,0.584
780.18,1,0.5848,6.7141e-17,-1,0.5848
780.37,1,0.5856,6.7233e-17,-1,0.5856
780.56,1,0.5864,6.7325e-17,-1,0.5864
780.74,1,0.5872,6.7417e-17,-1,0.5872
780.93,1,0.588,6.7509e-17,-1,0.588
781.12,1,0.5888,6.7601e-17,-1,0.5888
781.31,1,0.5896,6.7692e-17,-1,0.5896
781.5,1,0.5904,6.7784e-17,-1,0.5904
781.69,1,0.5912,6.7876e-17,-1,0.5912
781.88,1,0.592,6.7968e-17,-1,0.592
782.07,1,0.5928,6.806e-17,-1,0.5928
782.26,1,0.5936,6.8152e-17,-1,0.5936
782.45,1,0.5944,6.8243e-17,-1,0.5944
782.64,1,0.5952,6.8335e-17,-1,0.5952
782.83,1,0.596,6.8427e-17,-1,0.596
783.02,1,0.5968,6.8519e-17,-1,0.5968
783.21,1,0.5976,6.8611e-17,-1,0.5976
783.4,1,0.5984,6.8703e-17,-1,0.5984
783.58,1,0.5992,6.8795e-17,-1,0.5992
783.77,1,0.6,6.8886e-17,-1,0.6
783.95,1,0.6008,6.8978e-17,-1,0.6008
784.13,1,0.6016,6.907e-17,-1,0.6016
784.31,1,0.6024,6.9162e-17,-1,0.6024
784.49,1,0.6032,6.9254e-17,-1,0.6032
784.67,1,0.604,6.9346e-17,-1,0.604
784.85,1,0.6048,6.9437e-17,-1,0.6048
785.02,1,0.6056,6.9529e-17,-1,0.6056
785.2,1,0.6064,6.9621e-17,-1,0.6064
785.38,1,0.6072,6.9713e-17,-1,0.6072
785.56,1,0.608,6.9805e-17,-1,0.608
785.74,1,0.6088,6.9897e-17,-1,0.6088
785.92,1,0.6096,6.9989e-17,-1,0.6096
786.1,1,0.6104,7.008e-17,-1,0.6104
786.27,1,0.6112,7.0172e-17,-1,0.6112
786.45,1,0.612,7.0264e-17,-1,0.612
786.63,1,0.6128,7.0356e-17,-1,0.6128
786.81,1,0.6136,7.0448e-17,-1,0.6136
786.99,1,0.6144,7.054e-17,-1,0.6144
787.17,1,0.6152,7.0632e-17,-1,0.6152
787.35,1,0.616,7.0723e-17,-1,0.616
787.53,1,0.6168,7.0815e-17,-1,0.6168
787.7,1,0.6176,7.0907e-17,-1,0.6176
787.88,1,0.6184,7.0999e-17,-1,0.6184
788.06,1,0.6192,7.1091e-17,-1,0.6192
788.24,1,0.62,7.1183e-17,-1,0.62
788.42,1,0.6208,7.1274e-17,-1,0.6208
788.6,1,0.6216,7.1366e-17,-1,0.6216
788.78,1,0.6224,7.1458e-17,-1,0.6224
788.95,1,0.6232,7.155e-17,-1,0.6232
789.13,1,0.624,7.1642e-17,-1,0.624
789.31,1,0.6248,7.1734e-17,-1,0.6248
789.49,1,0.6256,7.1826e-17,-1,0.6256
789.67,1,0.6264,7.1917e-17,-1,0.6264
789.85,1,0.6272,7.2009e-17,-1,0.6272
790.03,1,0.628,7.2101e-17,-1,0.628
790.21,1,0.6288,7.2193e-17,-1,0.6288
790.38,1,0.6296,7.2285e-17,-1,0.6296
790.56,1,0.6304,7.2377e-17,-1,0.6304
790.74,1,0.6312,7.2468e-17,-1,0.6312
790.92,1,0.632,7.256e-17,-1,0.632
791.1,1,0.6328,7.2652e-17,-1,0.6328
791.28,1,0.6336,7.2744e-17,-1,0.6336
791.46,1,0.6344,7.2836e-17,-1,0.6344
791.63,1,0.6352,7.2928e-17,-1,0.6352
791.81,1,0.636,7.302e-17,-1,0.636
791.99,1,0.6368,7.3111e-17,-1,0.6368
792.17,1,0.6376,7.3203e-17,-1,0.6376
792.35,1,0.6384,7.3295e-17,-1,0.6384
792.53,1,0.6392,7.3387e-17,-1,0.6392
792.71,1,0.64,7.3479e-17,-1,0.64
792.87,1,0.6408,7.3571e-17,-1,0.6408
793.04,1,0.6416,7.3663e-17,-1,0.6416
793.21,1,0.6424,7.3754e-17,-1,0.6424
793.37,1,0.6432,7.3846e-17,-1,0.6432
793.54,1,0.644,7.3938e-17,-1,0.644
793.71,1,0.6448,7.403e-17,-1,0.6448
793.87,1,0.6456,7.4122e-17,-1,0.6456
794.04,1,0.6464,7.4214e-17,-1,0.6464
794.21,1,0.6472,7.4305e-17,-1,0.6472
794.37,1,0.648,7.4397e-17,-1,0.648
794.54,1,0.6488,7.4489e-17,-1,0.6488
794.71,1,0.6496,7.4581e-17,-1,0.6496
794.87,1,0.6504,7.4673e-17,-1,0.6504
795.04,1,0.6512,7.4765e-17,-1,0.6512
795.21,1,0.652,7.4857e-17,-1,0.652
795.37,1,0.6528,7.4948e-17,-1,0.6528
795.54,1,0.6536,7.504e-17,-1,0.6536
795.71,1,0.6544,7.5132e-17,-1,0.6544
795.87,1,0.6552,7.5224e-17,-1,0.6552
796.04,1,0.656,7.5316e-17,-1,0.656
796.21,1,0.6568,7.5408e-17,-1,0.6568
796.37,1,0.6576,7.5499e-17,-1,0.6576
796.54,1,0.6584,7.5591e-17,-1,0.6584
796.71,1,0.6592,7.5683e-17,-1,0.6592
796.87,1,0.66,7.5775e-17,-1,0.66
797.04,1,0.6608,7.5867e-17,-1,0.6608
797.21,1,0.6616,7.5959e-17,-1,0.6616
797.37,1,0.6624,7.6051e-17,-1,0.6624
797.54,1,0.6632,7.6142e-17,-1,0.6632
797.71,1,0.664,7.6234e-17,-1,0.664
797.87,1,0.6648,7.6326e-17,-1,0.6648
798.04,1,0.6656,7.6418e-17,-1,0.6656
798.21,1,0.6664,7.651e-17,-1,0.6664
798.37,1,0.6672,7.6602e-17,-1,0.6672
798.54,1,0.668,7.6694e-17,-1,0.668
798.71,1,0.6688,7.6785e-17,-1,0.6688
798.87,1,0.6696,7.6877e-17,-1,0.6696
799.04,1,0.6704,7.6969e-17,-1,0.6704
799.21,1,0.6712,7.7061e-17,-1,0.6712
799.37,1,0.672,7.7153e-17,-1,0.672
799.54,1,0.6728,7.7245e-17,-1,0.6728
799.71,1,0.6736,7.7336e-17,-1,0.6736
799.87,1,0.6744,7.7428e-17,-1,0.6744
800.04,1,0.6752,7.752e-17,-1,0.6752
800.21,1,0.676,7.7612e-17,-1,0.676
800.37,1,0.6768,7.7704e-17,-1,0.6768
800.54,1,0.6776,7.7796e-17,-1,0.6776
800.71,1,0.6784,7.7888e-17,-1,0.6784
800.87,1,0.6792,7.7979e-17,-1,0.6792
801.04,1,0.68,7.8071e-17,-1,0.68
801.19,1,0.6808,7.8163e-17,-1,0.6808
801.34,1,0.6816,7.8255e-17,-1,0.6816
801.49,1,0.6824,7.8347e-17,-1,0.6824
801.64,1,0.6832,7.8439e-17,-1,0.6832
801.79,1,0.684,7.853e-17,-1,0.684
801.94,1,0.6848,7.8622e-17,-1,0.6848
802.09,1,0.6856,7.8714e-17,-1,0.6856
802.23,1,0.6864,7.8806e-17,-1,0.6864
802.38,1,0.6872,7.8898e-17,-1,0.6872
802.53,1,0.688,7.899e-17,-1,0.688
802.68,1,0.6888,7.9082e-17,-1,0.6888
802.83,1,0.6896,7.9173e-17,-1,0.6896
802.98,1,0.6904,7.9265e-17,-1,0.6904
803.13,1,0.6912,7.9357e-17,-1,0.6912
803.28,1,0.692,7.9449e-17,-1,0.692
803.43,1,0.6928,7.9541e-17,-1,0.6928
803.58,1,0.6936,7.9633e-17,-1,0.6936
803.73,1,0.6944,7.9725e-17,-1,0.6944
803.88,1,0.6952,7.9816e-17,-1,0.6952
804.03,1,0.696,7.9908e-17,-1,0.696
804.18,1,0.6968,8e-17,-1,0.6968
804.33,1,0.6976,8.0092e-17,-1,0.6976
804.48,1,0.6984,8.0184e-17,-1,0.6984
804.63,1,0.6992,8.0276e-17,-1,0.6992
804.78,1,0.7,8.0367e-17,-1,0.7
804.92,1,0.7008,8.0459e-17,-1,0.7008
805.07,1,0.7016,8.0551e-17,-1,0.7016
805.22,1,0.7024,8.0643e-17,-1,0.7024
805.37,1,0.7032,8.0735e-17,-1,0.7032
805.52,1,0.704,8.0827e-17,-1,0.704
805.67,1,0.7048,8.0919e-17,-1,0.7048
805.82,1,0.7056,8.101e-17,-1,0.7056
805.97,1,0.7064,8.1102e-17,-1,0.7064
806.12,1,0.7072,8.1194e-17,-1,0.7072
806.27,1,0.708,8.1286e-17,-1,0.708
806.42,1,0.7088,8.1378e-17,-1,0.7088
806.57,1,0.7096,8.147e-17,-1,0.7096
806.72,1,0.7104,8.1561e-17,-1,0.7104
806.87,1,0.7112,8.1653e-17,-1,0.7112
807.02,1,0.712,8.1745e-17,-1,0.712
807.17,1,0.7128,8.1837e-17,-1,0.7128
807.32,1,0.7136,8.1929e-17,-1,0.7136
807.47,1,0.7144,8.2021e-17,-1,0.7144
807.62,1,0.7152,8.2113e-17,-1,0.7152
807.76,1,0.716,8.2204e-17,-1,0.716
807.91,1,0.7168,8.2296e-17,-1,0.7168
808.06,1,0.7176,8.2388e-17,-1,0.7176
808.21,1,0.7184,8.248e-17,-1,0.7184
808.36,1,0.7192,8.2572e-17,-1,0.7192
808.51,1,0.72,8.2664e-17,-1,0.72
808.64,1,0.7208,8.2756e-17,-1,0.7208
808.77,1,0.7216,8.2847e-17,-1,0.7216
808.9,1,0.7224,8.2939e-17,-1,0.7224
809.03,1,0.7232,8.3031e-17,-1,0.7232
809.16,1,0.724,8.3123e-17,-1,0.724
809.29,1,0.7248,8.3215e-17,-1,0.7248
809.42,1,0.7256,8.3307e-17,-1,0.7256
809.55,1,0.7264,8.3398e-17,-1,0.7264
809.68,1,0.7272,8.349e-17,-1,0.7272
809.81,1,0.728,8.3582e-17,-1,0.728
809.94,1,0.7288,8.3674e-17,-1,0.7288
810.07,1,0.7296,8.3766e-17,-1,0.7296
810.2,1,0.7304,8.3858e-17,-1,0.7304
810.33,1,0.7312,8.395e-17,-1,0.7312
810.46,1,0.732,8.4041e-17,-1,0.732
810.59,1,0.7328,8.4133e-17,-1,0.7328
810.72,1,0.7336,8.4225e-17,-1,0.7336
810.85,1,0.7344,8.4317e-17,-1,0.7344
810.98,1,0.7352,8.4409e-17,-1,0.7352
811.11,1,0.736,8.4501e-17,-1,0.736
811.24,1,0.7368,8.4592e-17,-1,0.7368
811.37,1,0.7376,8.4684e-17,-1,0.7376
811.49,1,0.7384,8.4776e-17,-1,0.7384
811.62,1,0.7392,8.4868e-17,-1,0.7392
811.75,1,0.74,8.496e-17,-1,0.74
811.88,1,0.7408,8.5052e-17,-1,0.7408
812.01,1,0.7416,8.5144e-17,-1,0.7416
812.14,1,0.7424,8.5235e-17,-1,0.7424
812.27,1,0.7432,8.5327e-17,-1,0.7432
812.4,1,0.744,8.5419e-17,-1,0.744
812.53,1,0.7448,8.5511e-17,-1,0.7448
812.66,1,0.7456,8.5603e-17,-1,0.7456
812.79,1,0.7464,8.5695e-17,-1,0.7464
812.92,1,0.7472,8.5787e-17,-1,0.7472
813.05,1,0.748,8.5878e-17,-1,0.748
813.18,1,0.7488,8.597e-17,-1,0.7488
813.31,1,0.7496,8.6062e-17,-1,0.7496
813.44,1,0.7504,8.6154e-17,-1,0.7504
813.57,1,0.7512,8.6246e-17,-1,0.7512
813.7,1,0.752,8.6338e-17,-1,0.752
813.83,1,0.7528,8.6429e-17,-1,0.7528
813.96,1,0.7536,8.6521e-17,-1,0.7536
814.09,1,0.7544,8.6613e-17,-1,0.7544
814.22,1,0.7552,8.6705e-17,-1,0.7552
814.35,1,0.756,8.6797e-17,-1,0.756
814.48,1,0.7568,8.6889e-17,-1,0.7568
814.61,1,0.7576,8.6981e-17,-1,0.7576
814.74,1,0.7584,8.7072e-17,-1,0.7584
814.87,1,0.7592,8.7164e-17,-1,0.7592
815,1,0.76,8.7256e-17,-1,0.76
815.1,1,0.7608,8.7348e-17,-1,0.7608
815.2,1,0.7616,8.744e-17,-1,0.7616
815.31,1,0.7624,8.7532e-17,-1,0.7624
815.41,1,0.7632,8.7623e-17,-1,0.7632
815.51,1,0.764,8.7715e-17,-1,0.764
815.62,1,0.7648,8.7807e-17,-1,0.7648
815.72,1,0.7656,8.7899e-17,-1,0.7656
815.83,1,0.7664,8.7991e-17,-1,0.7664
815.93,1,0.7672,8.8083e-17,-1,0.7672
816.03,1,0.768,8.8175e-17,-1,0.768
816.14,1,0.7688,8.8266e-17,-1,0.7688
816.24,1,0.7696,8.8358e-17,-1,0.7696
816.34,1,0.7704,8.845e-17,-1,0.7704
816.45,1,0.7712,8.8542e-17,-1,0.7712
816.55,1,0.772,8.8634e-17,-1,0.772
816.66,1,0.7728,8.8726e-17,-1,0.7728
816.76,1,0.7736,8.8818e-17,-1,0.7736
816.86,1,0.7744,8.8909e-17,-1,0.7744
816.97,1,0.7752,8.9001e-17,-1,0.7752
817.07,1,0.776,8.9093e-17,-1,0.776
817.17,1,0.7768,8.9185e-17,-1,0.7768
817.28,1,0.7776,8.9277e-17,-1,0.7776
817.38,1,0.7784,8.9369e-17,-1,0.7784
817.49,1,0.7792,8.946e-17,-1,0.7792
817.59,1,0.78,8.9552e-17,-1,0.78
817.69,1,0.7808,8.9644e-17,-1,0.7808
817.8,1,0.7816,8.9736e-17,-1,0.7816
817.9,1,0.7824,8.9828e-17,-1,0.7824
818,1,0.7832,8.992e-17,-1,0.7832
818.11,1,0.784,9.0012e-17,-1,0.784
818.21,1,0.7848,9.0103e-17,-1,0.7848
818.32,1,0.7856,9.0195e-17,-1,0.7856
818.42,1,0.7864,9.0287e-17,-1,0.7864
818.52,1,0.7872,9.0379e-17,-1,0.7872
818.63,1,0.788,9.0471e-17,-1,0.788
818.73,1,0.7888,9.0563e-17,-1,0.7888
818.83,1,0.7896,9.0654e-17,-1,0.7896
818.94,1,0.7904,9.0746e-17,-1,0.7904
819.04,1,0.7912,9.0838e-17,-1,0.7912
819.15,1,0.792,9.093e-17,-1,0.792
819.25,1,0.7928,9.1022e-17,-1,0.7928
819.35,1,0.7936,9.1114e-17,-1,0.7936
819.46,1,0.7944,9.1206e-17,-1,0.7944
819.56,1,0.7952,9.1297e-17,-1,0.7952
819.66,1,0.796,9.1389e-17,-1,0.796
819.77,1,0.7968,9.1481e-17,-1,0.7968
819.87,1,0.7976,9.1573e-17,-1,0.7976
819.98,1,0.7984,9.1665e-17,-1,0.7984
820.08,1,0.7992,9.1757e-17,-1,0.7992
820.18,1,0.8,9.1849e-17,-1,0.8
