# Accumulated Timestep,Time,Monitor Point: inlet solute 1 (SolIn1),Monitor Point: inlet solute 2 (SolIn2),Monitor Point: outlet solute 1 (SolOut1),Monitor Point: outlet solute 2 (SolOut2)
1,0.050000001,4.8509001e-21,-4.4603999e-07,-2.9409001e-14,3.1431125e-41
2,0.1,2.644e-21,-5.9592998e-07,-6.3693002e-14,-5.0062998e-16
3,0.15000001,4.7102998e-22,-6.0632999e-07,-1.2149e-13,-1.8921e-14
4,0.2,1.2407e-21,-5.9796997e-07,-2.2025001e-13,-3.6705e-13
5,0.25,9.6169995e-22,-5.9531999e-07,-3.8490001e-13,-3.3901e-12
6,0.30000001,1.8593001e-21,-5.9694003e-07,-6.7638999e-13,-1.9628001e-11
7,0.34999999,4.6771999e-21,-5.9759998e-07,-1.321e-12,-9.6522998e-11
8,0.40000001,1.244e-20,-5.9758997e-07,-3.1418999e-12,-3.5857001e-10
9,0.44999999,-5.7572998e-20,-5.9681003e-07,-8.6931998e-12,-1.2915e-09
10,0.5,-1.3746e-19,-5.9767001e-07,-2.4481001e-11,-4.9816999e-09
11,0.55000001,-1.2081e-19,-5.9688e-07,-6.7308999e-11,-1.5638999e-08
12,0.60000002,-1.5912e-19,-5.9731002e-07,-1.7679e-10,-3.6277999e-08
13,0.64999998,-1.4924999e-19,-5.9734998e-07,-4.4988999e-10,-6.1733999e-08
14,0.69999999,-9.7440002e-20,-5.9744002e-07,-1.1902e-09,-8.4900996e-08
15,0.75,-1.403e-19,-5.9688e-07,-3.2830001e-09,-1.0606e-07
16,0.80000001,-1.3045e-19,-5.9781001e-07,-8.7591996e-09,-1.3615001e-07
17,0.85000002,-5.3135998e-20,-5.9696998e-07,-2.1110999e-08,-1.9009001e-07
18,0.89999998,-5.4805e-20,-5.9734998e-07,-4.4303e-08,-2.6853999e-07
19,0.94999999,-4.8739e-20,-5.9736999e-07,-8.0229e-08,-3.5584e-07
20,1,-3.4046001e-20,-5.9745997e-07,-1.2296e-07,-4.2714001e-07
21,1.05,-4.4595998e-20,-5.9688e-07,-1.5654e-07,-4.6987e-07
22,1.1,-4.0887001e-20,-5.9782002e-07,-1.657e-07,-4.8586998e-07
23,1.15,-5.6104998e-20,-5.9697999e-07,-1.4973e-07,-4.8599998e-07
24,1.2,-9.38e-20,-5.9735999e-07,-1.26e-07,-4.7877e-07
25,1.25,-1.2872e-19,-5.9736999e-07,-1.1291e-07,-4.7065001e-07
26,1.3,-7.8749003e-20,-5.9745997e-07,-1.1634e-07,-4.6694001e-07
27,1.35,-9.8869997e-20,-5.9688e-07,-1.2916e-07,-4.6632999e-07
28,1.4,-6.8708e-20,-5.9782002e-07,-1.395e-07,-4.6527001e-07
29,1.45,-7.1257997e-20,-5.9698999e-07,-1.3963e-07,-4.6369999e-07
30,1.5,-7.5936001e-20,-5.9735999e-07,-1.3064999e-07,-4.6075999e-07
31,1.55,-9.7258998e-20,-2.8759999e-07,-1.2021999e-07,-4.5736999e-07
32,1.6,-7.7133002e-20,2.9451e-08,-1.1689e-07,-4.5652999e-07
33,1.65,-7.7098002e-20,-6.3633001e-07,-1.2549e-07,-4.5802e-07
34,1.7,-1.0437e-19,-2.7038999e-07,-1.4517001e-07,-4.6045e-07
35,1.75,-1.1384e-19,-1.4254999e-07,-1.6511e-07,-4.6444001e-07
36,1.8,-9.9124e-20,3.4134001e-07,-1.7412e-07,-4.6891e-07
37,1.85,-7.9155e-20,-5.0330999e-07,-1.7003001e-07,-4.7251999e-07
38,1.9,-4.3415001e-20,-2.3913e-07,-1.5881e-07,-4.7543e-07
39,1.95,-7.2290002e-20,4.9864002e-07,-1.4603e-07,-4.7584999e-07
40,2,-9.3677002e-20,2.5399001e-07,-1.3346001e-07,-4.7188001e-07
41,2.05,-6.7277998e-20,-6.5474001e-07,-1.2227e-07,-4.6336001e-07
42,2.0999999,-3.6310001e-20,-3.4422999e-07,-1.139e-07,-4.4902001e-07
43,2.1500001,-3.7282e-20,-8.8528999e-08,-1.0761e-07,-4.2696001e-07
44,2.2,-2.2886e-20,-4.0616001e-08,-9.9860998e-08,-3.9765999e-07
45,2.25,-2.7951e-21,-7.5956001e-07,-8.8267001e-08,-3.6199e-07
46,2.3,1.1855e-20,-3.9979e-07,-7.3727001e-08,-3.2233999e-07
47,2.3499999,1.3720001e-20,-5.4082e-07,-5.9800001e-08,-2.8264e-07
48,2.4000001,-1.0803e-19,4.0112001e-05,-4.8440999e-08,-2.4541001e-07
49,2.45,-2.3080001e-19,8.3589002e-05,-4.1888001e-08,-2.1557e-07
50,2.5,-8.7766996e-19,0.00016054,-3.8023e-08,-1.9322e-07
51,2.55,-1.4408e-18,0.00031366001,-3.4898999e-08,-1.7692e-07
52,2.5999999,-3.9604998e-18,0.00065841997,-3.0902999e-08,-1.6324e-07
53,2.6500001,-9.5730001e-18,0.0013062001,-2.2474e-08,-1.4435e-07
54,2.7,-7.3166003e-18,0.0021824001,1.0926e-09,-1.0241e-07
55,2.75,-7.6621997e-18,0.0032818001,6.6101997e-08,1.5942e-08
56,2.8,-9.7402999e-18,0.0051126,2.3158e-07,3.2879001e-07
57,2.8499999,1.7131e-17,0.0066636,6.1908003e-07,1.0584999e-06
58,2.9000001,3.0028e-17,0.0075671999,1.4564999e-06,2.6803e-06
59,2.95,5.9547998e-17,0.0083879,3.1938e-06,6.0722e-06
60,3,2.8510999e-16,0.0089774001,6.7531e-06,1.2903e-05
61,3.05,4.7706002e-16,0.0095127001,1.3675e-05,2.6649999e-05
62,3.0999999,7.1155998e-16,0.0098227998,2.6096999e-05,5.2659001e-05
63,3.1500001,1.2376001e-15,0.0099886004,4.6548001e-05,9.8021999e-05
64,3.2,1.5503001e-15,0.0099540995,7.8432e-05,0.00017512
65,3.25,1.4476e-15,0.0097000003,0.00012692,0.00030037001
66,3.3,2.7744001e-15,0.0092701996,0.00019987,0.00048715001
67,3.3499999,2.8912e-15,0.0088537,0.00030782001,0.00075175997
68,3.4000001,5.0069998e-15,0.0079520997,0.00046204001,0.0011094999
69,3.45,4.5149999e-15,0.0072038001,0.00066581002,0.0015485
70,3.5,4.7479e-15,0.0061209998,0.00090391998,0.0020605
71,3.55,5.3790001e-15,0.0056071002,0.0011358,0.0026509999
72,3.5999999,5.7070001e-15,0.0051074,0.0013148,0.0032673001
73,3.6500001,5.5591001e-15,0.0044376999,0.001411,0.003853
74,3.7,3.2287001e-15,0.0039222999,0.0014319,0.0043890001
75,3.75,3.809e-15,0.0034235001,0.0014134001,0.0048063002
76,3.8,3.3154e-15,0.0030359,0.0013939,0.0050992998
77,3.8499999,2.5321999e-15,0.0026630999,0.0013954,0.0053641
78,3.9000001,3.2103999e-15,0.0023131999,0.0014215,0.0056030001
79,3.95,3.1471001e-15,0.0020872001,0.0014587,0.0057676998
80,4,3.1850999e-15,0.0018335,0.0014804,0.0058558001
81,4.0500002,2.9224e-15,0.0015758,0.0014565,0.0058342
82,4.0999999,2.4843999e-15,0.0012822,0.0013684999,0.0057239002
83,4.1500001,2.3254e-15,0.001025,0.0012242,0.0055812001
84,4.1999998,1.9861e-15,0.00085786998,0.0010542,0.0054064998
85,4.25,1.8348999e-15,0.00073218998,0.00089324999,0.0051742001
86,4.3000002,1.0544e-15,0.00065765,0.00076013,0.0048941998
87,4.3499999,9.9477995e-16,0.00060407002,0.0006575,0.0045955
88,4.4000001,8.6804e-16,0.00052613002,0.00057941,0.0043004998
89,4.4499998,6.8283e-16,0.00047112,0.00051903003,0.0040130001
90,4.5,6.1355001e-16,0.00040665001,0.00046924001,0.0037404001
91,4.5500002,6.1538998e-16,0.00034080999,0.00042318,0.003484
92,4.5999999,4.6397003e-16,0.00029671,0.00037478001,0.003236
93,4.6500001,4.4830998e-16,0.00027471999,0.00032302999,0.0030081
94,4.6999998,5.0114e-16,0.00023624,0.00027146001,0.0027927
95,4.75,3.3526001e-16,0.00019991001,0.00022574,0.0025641001
96,4.8000002,2.9634999e-16,0.00017850001,0.00018844999,0.0023356001
97,4.8499999,2.7674999e-16,0.00015755001,0.00015931,0.0021265999
98,4.9000001,1.895e-16,0.00012947001,0.00013645001,0.0019337001
99,4.9499998,2.0887e-16,0.00012027,0.00011867,0.0017684
100,5,2.1414e-16,0.00011477,0.00010498,0.0016212
101,5.0500002,1.4739001e-16,0.00010372,9.4445997e-05,0.0014689
102,5.0999999,1.5124e-16,9.4853e-05,8.5694002e-05,0.0013241
103,5.1500001,1.4804e-16,8.2234998e-05,7.7629003e-05,0.0012034
104,5.1999998,9.3353003e-17,7.4978998e-05,6.9640002e-05,0.0010985
105,5.25,9.8293998e-17,7.3470001e-05,6.1872997e-05,0.0010096
106,5.3000002,7.6018997e-17,6.9125999e-05,5.4603999e-05,0.00092635001
107,5.3499999,5.2766e-17,6.4218999e-05,4.8049002e-05,0.00083387998
108,5.4000001,6.6573997e-17,5.8611e-05,4.2256001e-05,0.00074377999
109,5.4499998,5.4158999e-17,5.5891e-05,3.7305999e-05,0.00066964002
110,5.5,5.4832999e-17,5.2562998e-05,3.3175998e-05,0.00060660997
111,5.5500002,5.6825998e-17,4.898e-05,2.9803001e-05,0.00055411999
112,5.5999999,5.8308001e-17,4.4789002e-05,2.6940999e-05,0.00050556997
113,5.6500001,3.8927001e-17,4.2888001e-05,2.4384e-05,0.00045240001
114,5.6999998,4.2665999e-17,4.0133e-05,2.2065e-05,0.00040198999
115,5.75,3.2648002e-17,3.6963e-05,2.0060001e-05,0.00036244001
116,5.8000002,2.3797999e-17,3.4503999e-05,1.8397001e-05,0.00032970001
117,5.8499999,3.0179e-17,3.2799999e-05,1.7038999e-05,0.00030228999
118,5.9000001,2.5511e-17,3.0642001e-05,1.5871001e-05,0.00027660001
119,5.9499998,2.0260001e-17,2.9743e-05,1.481e-05,0.00024826999
120,6,2.2415e-17,2.8339e-05,1.3842e-05,0.00022179
121,6.0500002,2.1903e-17,2.6317e-05,1.298e-05,0.00020155001
122,6.0999999,1.6254e-17,2.4708999e-05,1.2193e-05,0.00018477
123,6.1500001,1.8379e-17,2.3799001e-05,1.1442e-05,0.00017016999
124,6.1999998,1.6172e-17,2.3355e-05,1.07e-05,0.00015603
125,6.25,1.2207e-17,2.3103999e-05,9.9729004e-06,0.00014049
126,6.3000002,1.3892e-17,2.1891999e-05,9.2959999e-06,0.00012621
127,6.3499999,1.7847001e-17,2.1098e-05,8.6845002e-06,0.00011549
128,6.4000001,1.2803e-17,2.0799e-05,8.1194003e-06,0.00010649
129,6.4499998,1.3245e-17,2.0661e-05,7.5850999e-06,9.8359997e-05
130,6.5,1.4476e-17,2.0108e-05,7.0843998e-06,9.0403999e-05
131,6.5500002,1.0444e-17,1.9900999e-05,6.6267999e-06,8.1798004e-05
132,6.5999999,1.0388e-17,1.9884001e-05,6.2262998e-06,7.4074e-05
133,6.6500001,1.3667e-17,1.9894e-05,5.8737e-06,6.8419002e-05
134,6.6999998,9.1136998e-18,1.9911e-05,5.5523001e-06,6.3639003e-05
135,6.75,9.1668999e-18,1.991e-05,5.2583e-06,5.9197999e-05
136,6.8000002,9.6830002e-18,1.9900999e-05,5.0018002e-06,5.4833999e-05
137,6.8499999,7.8329e-18,1.9900999e-05,4.7816002e-06,5.0162998e-05
138,6.9000001,9.8785002e-18,1.9907e-05,4.5953002e-06,4.6050998e-05
139,6.9499998,1.101e-17,1.9896999e-05,4.4284998e-06,4.3136999e-05
140,7,1.1749e-17,1.9904001e-05,4.2737001e-06,4.0661002e-05
141,7.0500002,1.1322e-17,1.9904001e-05,4.1331e-06,3.8302998e-05
142,7.0999999,8.7870999e-18,1.9899e-05,4.0137002e-06,3.5976002e-05
143,7.1500001,7.0539001e-18,1.9900999e-05,3.9076999e-06,3.3477001e-05
144,7.1999998,7.2214001e-18,1.9907e-05,3.8121e-06,3.1293999e-05
145,7.25,9.774e-18,1.9896001e-05,3.7218999e-06,2.9798999e-05
146,7.3000002,1.4e-17,1.9904001e-05,3.6418e-06,2.8531e-05
147,7.3499999,1.2497e-17,1.9904001e-05,3.5774001e-06,2.7323e-05
148,7.4000001,1.1222e-17,1.9899e-05,3.5311e-06,2.6157e-05
149,7.4499998,1.1849e-17,1.9900001e-05,3.4911e-06,2.4905999e-05
150,7.5,1.1332e-17,1.9907e-05,3.4540999e-06,2.3826e-05
151,7.5500002,1.1781e-17,1.9896001e-05,3.4177001e-06,2.3126e-05
152,7.5999999,1.1835e-17,1.9904001e-05,3.3860999e-06,2.2528e-05
153,7.6500001,1.1213e-17,1.9904001e-05,3.3598999e-06,2.1942e-05
154,7.6999998,9.8007999e-18,1.9899e-05,3.337e-06,2.1372e-05
155,7.75,6.8524002e-18,1.9900001e-05,3.3091001e-06,2.0732999e-05
156,7.8000002,9.3099997e-18,1.9907e-05,3.2800001e-06,2.017e-05
157,7.8499999,9.5690999e-18,1.9896001e-05,3.2536e-06,1.982e-05
158,7.9000001,7.0515997e-18,1.9904001e-05,3.2334001e-06,1.9524001e-05
159,7.9499998,9.8098004e-18,1.9904001e-05,3.2160999e-06,1.9232e-05
160,8,1.0875e-17,1.9899e-05,3.1986999e-06,1.8950999e-05
161,8.0500002,7.4529999e-18,1.9900001e-05,3.1778e-06,1.8616e-05
162,8.1000004,9.4560996e-18,1.9907e-05,3.161e-06,1.8311001e-05
163,8.1499996,1.0624e-17,1.9896001e-05,3.1503e-06,1.8131999e-05
164,8.1999998,1.1822e-17,1.9904001e-05,3.1427001e-06,1.7987e-05
165,8.25,1.1355e-17,1.9904001e-05,3.1314e-06,1.7842e-05
166,8.3000002,1.1552e-17,1.9899e-05,3.1154e-06,1.7701999e-05
167,8.3500004,1.2704e-17,1.9900001e-05,3.0973999e-06,1.7517001e-05
168,8.3999996,1.2351e-17,1.9907e-05,3.0855999e-06,1.7337001e-05
169,8.4499998,9.0614997e-18,1.9896001e-05,3.0793001e-06,1.7242e-05
170,8.5,1.0362e-17,1.9904001e-05,3.0731001e-06,1.7171e-05
171,8.5500002,1.0857e-17,1.9904001e-05,3.0634001e-06,1.7099999e-05
172,8.6000004,8.7616997e-18,1.9899e-05,3.0537001e-06,1.7031e-05
173,8.6499996,6.4297998e-18,1.9900001e-05,3.0471001e-06,1.6919001e-05
174,8.6999998,9.2698996e-18,1.9907e-05,3.0454e-06,1.6800999e-05
175,8.75,9.5097001e-18,1.9896001e-05,3.0424001e-06,1.6747001e-05
176,8.8000002,6.9483999e-18,1.9904001e-05,3.0337001e-06,1.6716e-05
177,8.8500004,9.6256998e-18,1.9904001e-05,3.0218e-06,1.6681999e-05
178,8.8999996,9.8208003e-18,1.9899e-05,3.0141e-06,1.6645999e-05
179,8.9499998,7.6019999e-18,1.9900001e-05,3.0116e-06,1.6571999e-05
180,9,9.6505003e-18,1.9907e-05,3.0113999e-06,1.6487e-05
181,9.0500002,8.4003004e-18,1.9896001e-05,3.0076001e-06,1.6455e-05
182,9.1000004,6.7690001e-18,1.9904001e-05,3.0000001e-06,1.6443e-05
183,9.1499996,1.0224e-17,1.9904001e-05,2.9943001e-06,1.6429e-05
184,9.1999998,1.2039e-17,1.9899e-05,2.9943999e-06,1.6407001e-05
185,9.25,7.6803e-18,1.9900001e-05,2.9956e-06,1.6353e-05
186,9.3000002,1.0268e-17,1.9907e-05,2.9932e-06,1.6288001e-05
187,9.3500004,8.7019996e-18,1.9896001e-05,2.9857999e-06,1.6268999e-05
188,9.3999996,6.4589e-18,1.9904001e-05,2.9782e-06,1.6268999e-05
189,9.4499998,9.9136e-18,1.9904001e-05,2.9759001e-06,1.6264999e-05
190,9.5,1.0896e-17,1.9899e-05,2.9780999e-06,1.625e-05
191,9.5500002,1.1882e-17,1.9900001e-05,2.9785001e-06,1.6205e-05
192,9.6000004,1.0132e-17,1.9907e-05,2.9751e-06,1.6153999e-05
193,9.6499996,1.1403e-17,1.9896001e-05,2.9708999e-06,1.6145001e-05
194,9.6999998,1.1755e-17,1.9904001e-05,2.9696e-06,1.6153001e-05
195,9.75,1.1147e-17,1.9904001e-05,2.971e-06,1.6153999e-05
196,9.8000002,1.1888e-17,1.9899e-05,2.9708001e-06,1.6141001e-05
197,9.8500004,7.8527002e-18,1.9900001e-05,2.966e-06,1.6100001e-05
198,9.8999996,9.5562001e-18,1.9907e-05,2.9608e-06,1.6058e-05
199,9.9499998,1.0627e-17,1.9896001e-05,2.9600001e-06,1.6058e-05
200,10,1.1513e-17,1.9904001e-05,2.9629e-06,1.6071999e-05
201,10.05,1.1248e-17,1.9904001e-05,2.9649e-06,1.6075999e-05
202,10.1,9.8834997e-18,1.9899e-05,2.9620001e-06,1.6063001e-05
203,10.15,1.1083e-17,1.9900999e-05,2.9560999e-06,1.6024e-05
204,10.2,1.1091e-17,1.9907e-05,2.9534999e-06,1.5989001e-05
205,10.25,8.7504997e-18,1.9896001e-05,2.9558e-06,1.5993999e-05
206,10.3,1.3445e-17,1.9904001e-05,2.9580999e-06,1.6012e-05
207,10.35,1.2843e-17,1.9904001e-05,2.9565999e-06,1.6018001e-05
208,10.4,1.1445e-17,1.9899e-05,2.9524999e-06,1.6002999e-05
209,10.45,1.094e-17,1.9900999e-05,2.9503001e-06,1.5965001e-05
210,10.5,1.168e-17,1.9907e-05,2.9527e-06,1.5936001e-05
211,10.55,1.0041e-17,1.9896999e-05,2.9559999e-06,1.5944001e-05
212,10.6,7.1201002e-18,1.9904001e-05,2.9547e-06,1.5964e-05
213,10.65,1.0231e-17,1.9904001e-05,2.9498001e-06,1.5972e-05
214,10.7,1.098e-17,1.9900001e-05,2.9466e-06,1.5955e-05
215,10.75,1.4222001e-17,1.9900999e-05,2.948e-06,1.5920001e-05
216,10.8,1.3197e-17,1.9908e-05,2.9514999e-06,1.5895999e-05
217,10.85,1.1532e-17,1.9898e-05,2.9518999e-06,1.5907e-05
218,10.9,1.41e-17,1.9904999e-05,2.9476e-06,1.5928001e-05
219,10.95,1.1375e-17,1.9904999e-05,2.9446001e-06,1.5934e-05
220,11,1.0724e-17,1.9900999e-05,2.9468999e-06,1.5914e-05
221,11.05,1.1331e-17,1.9903e-05,2.9516e-06,1.5881e-05
222,11.1,1.2051e-17,1.991e-05,2.9529001e-06,1.5864e-05
223,11.15,1.1319e-17,1.9900001e-05,2.9483001e-06,1.5879001e-05
224,11.2,7.926e-18,1.9908e-05,2.9419e-06,1.5899999e-05
225,11.25,9.9197997e-18,1.9908e-05,2.9406999e-06,1.5905e-05
226,11.3,9.7564001e-18,1.9904999e-05,2.9452001e-06,1.5881e-05
227,11.35,1.3727e-17,1.9907e-05,2.9488999e-06,1.5850001e-05
228,11.4,1.2354e-17,1.9913999e-05,2.9481e-06,1.5838999e-05
229,11.45,1.2214e-17,1.9904999e-05,2.9446001e-06,1.5857e-05
230,11.5,1.4413e-17,1.9913999e-05,2.9432999e-06,1.5879001e-05
231,11.55,1.2288e-17,1.9915e-05,2.9461e-06,1.5881e-05
232,11.6,1.2479e-17,1.9913001e-05,2.9487001e-06,1.5854001e-05
233,11.65,1.1916e-17,1.9916e-05,2.9465e-06,1.5826001e-05
234,11.7,1.1173e-17,1.9925001e-05,2.942e-06,1.5821e-05
235,11.75,1.096e-17,1.9917999e-05,2.9408e-06,1.5841e-05
236,11.8,7.8890002e-18,1.9928e-05,2.944e-06,1.5861e-05
237,11.85,9.0620002e-18,1.9932e-05,2.9482001e-06,1.5861e-05
238,11.9,1.1148e-17,1.9933001e-05,2.948e-06,1.5830999e-05
239,11.95,7.0088999e-18,1.994e-05,2.9434e-06,1.5805999e-05
240,12,9.5432001e-18,1.9953e-05,2.9404e-06,1.5805001e-05
241,12.05,9.4251002e-18,1.9951e-05,2.9427999e-06,1.5827e-05
242,12.1,6.868e-18,1.9969e-05,2.9467999e-06,1.5846999e-05
243,12.15,8.0738999e-18,1.9981e-05,2.9478999e-06,1.5844e-05
244,12.2,1.0069e-17,1.9992e-05,2.945e-06,1.5812e-05
245,12.25,7.7580997e-18,2.0011999e-05,2.9417999e-06,1.5789999e-05
246,12.3,1.0378e-17,2.0041e-05,2.943e-06,1.5795e-05
247,12.35,1.1059e-17,2.0059e-05,2.9471e-06,1.5817001e-05
248,12.4,1.423e-17,2.0101999e-05,2.9483001e-06,1.5836e-05
249,12.45,1.2372e-17,2.0144e-05,2.9459e-06,1.5830001e-05
250,12.5,1.1177e-17,2.0194e-05,2.9436001e-06,1.5799e-05
251,12.55,1.2511e-17,2.0261001e-05,2.9449e-06,1.5783e-05
252,12.6,1.1644e-17,2.0346e-05,2.9493001e-06,1.5793001e-05
253,12.65,1.1726e-17,2.0437999e-05,2.9521e-06,1.5817001e-05
254,12.7,1.2114e-17,2.0568001e-05,2.9503001e-06,1.5834999e-05
255,12.75,1.1457e-17,2.0714e-05,2.9483999e-06,1.5829e-05
256,12.8,1.2045e-17,2.0897e-05,2.9512e-06,1.5801001e-05
257,12.85,8.3554002e-18,2.1121001e-05,2.9573e-06,1.5793999e-05
258,12.9,1.0656e-17,2.1391999e-05,2.9620001e-06,1.5813999e-05
259,12.95,1.211e-17,2.1718e-05,2.9619e-06,1.5845e-05
260,13,7.9717e-18,2.2120999e-05,2.9598e-06,1.5868e-05
261,13.05,8.7678002e-18,2.2587999e-05,2.963e-06,1.5866999e-05
262,13.1,8.2746996e-18,2.317e-05,2.9732e-06,1.5852e-05
263,13.15,1.1142e-17,2.3856001e-05,2.9846999e-06,1.5866e-05
264,13.2,1.1659e-17,2.4666e-05,2.9932e-06,1.591e-05
265,13.25,1.1654e-17,2.5654001e-05,3.0003e-06,1.5964e-05
266,13.3,7.3170999e-18,2.6813999e-05,3.0111e-06,1.6013e-05
267,13.35,1.0693e-17,2.8140999e-05,3.0297999e-06,1.6043001e-05
268,13.4,1.2816e-17,2.9770999e-05,3.0532999e-06,1.607e-05
269,13.45,9.1770999e-18,3.1631e-05,3.0768001e-06,1.6141999e-05
270,13.5,1.2107e-17,3.3763001e-05,3.1019999e-06,1.6255e-05
271,13.55,1.41e-17,3.6339999e-05,3.1354e-06,1.6386e-05
272,13.6,1.7441001e-17,3.9269002e-05,3.1812001e-06,1.6526999e-05
273,13.65,1.5439999e-17,4.2573e-05,3.2384e-06,1.6665001e-05
274,13.7,1.5545e-17,4.6564001e-05,3.3028e-06,1.6825001e-05
275,13.75,1.4827001e-17,5.1027e-05,3.3742999e-06,1.7066999e-05
276,13.8,1.5616e-17,5.6044999e-05,3.4612999e-06,1.7384e-05
277,13.85,1.8670001e-17,6.2022002e-05,3.5715e-06,1.7748e-05
278,13.9,1.9129e-17,6.8667003e-05,3.7059001e-06,1.8164999e-05
279,13.95,1.9375999e-17,7.6030999e-05,3.8623998e-06,1.8618e-05
280,14,1.8043e-17,8.4756e-05,4.0412001e-06,1.9149e-05
281,14.05,2.6815e-17,9.4313e-05,4.2491001e-06,1.9857e-05
282,14.1,2.6383999e-17,0.00010484,4.4989001e-06,2.0719001e-05
283,14.15,2.2449999e-17,0.00011714,4.7970998e-06,2.1697e-05
284,14.2,3.4085e-17,0.00013053,5.1443999e-06,2.2824999e-05
285,14.25,3.4569999e-17,0.00014508,5.5425999e-06,2.4069001e-05
286,14.3,3.4460999e-17,0.00016195999,6.0010002e-06,2.5511999e-05
287,14.35,3.2571001e-17,0.00018009001,6.5315999e-06,2.7341999e-05
288,14.4,4.0824e-17,0.00019966,7.1498998e-06,2.9485e-05
289,14.45,4.7736001e-17,0.00022206,7.8604999e-06,3.1866999e-05
290,14.5,3.5704e-17,0.00024594,8.6673999e-06,3.4572e-05
291,14.55,4.9244001e-17,0.00027138999,9.5813002e-06,3.7541002e-05
292,14.6,5.0879999e-17,0.00030032001,1.0624e-05,4.0946001e-05
293,14.65,7.1513e-17,0.00033074,1.1807e-05,4.5147e-05
294,14.7,8.3083e-17,0.00036295,1.3146e-05,4.9934999e-05
295,14.75,7.3259999e-17,0.00039905999,1.4642e-05,5.5116001e-05
296,14.8,5.6809997e-17,0.00043677,1.6309001e-05,6.0890001e-05
297,14.85,9.5648999e-17,0.00047617001,1.8172001e-05,6.7155997e-05
298,14.9,9.7050997e-17,0.00052,2.0268e-05,7.4262003e-05
299,14.95,7.7994999e-17,0.00056518998,2.2599001e-05,8.2856001e-05
300,15,9.5775001e-17,0.00061205,2.5174e-05,9.2421004e-05
301,15.05,1.4703e-16,0.00066348002,2.7988999e-05,0.00010247
302,15.1,1.1685e-16,0.00071609998,3.1072999e-05,0.00011343
303,15.15,1.8977e-16,0.00076993997,3.4461998e-05,0.00012517
304,15.2,1.8090001e-16,0.00082855002,3.8188002e-05,0.00013833999
305,15.25,1.526e-16,0.00088770001,4.2221e-05,0.00015403
306,15.3,2.5268999e-16,0.00094773999,4.6582001e-05,0.00017112
307,15.35,2.8338001e-16,0.0010122,5.1285999e-05,0.00018852
308,15.4,3.8942999e-16,0.0010767,5.6381999e-05,0.00020705
309,15.45,3.7201999e-16,0.0011412,6.1876999e-05,0.00022662
310,15.5,2.9476e-16,0.0012098,6.7743997e-05,0.00024838999
311,15.55,2.4203e-16,0.0012774999,7.3916999e-05,0.00027396
312,15.6,3.6721001e-16,0.0013446,8.0473001e-05,0.00030111999
313,15.65,3.7191001e-16,0.0014147999,8.7478002e-05,0.00032791999
314,15.7,2.7186999e-16,0.0014833,9.4946998e-05,0.0003558
315,15.75,4.3324999e-16,0.0015502,0.00010278,0.00038496999
316,15.8,5.3014998e-16,0.0016194,0.0001109,0.00041710999
317,15.85,4.0991e-16,0.0016857,0.00011926,0.00045424001
318,15.9,5.8541999e-16,0.0017497001,0.00012806,0.00049260998
319,15.95,7.2066998e-16,0.0018145,0.00013735,0.00052911998
320,16,4.8651e-16,0.0018759,0.00014696999,0.00056638999
321,16.049999,6.4035003e-16,0.0019338001,0.00015671999,0.00060526998
322,16.1,7.1590002e-16,0.0019914,0.00016659001,0.00064771
323,16.15,5.4855002e-16,0.0020446,0.00017666,0.00069576001
324,16.200001,8.0036e-16,0.0020937,0.00018714,0.00074380997
325,16.25,8.4912999e-16,0.0021412,0.00019788,0.00078766001
326,16.299999,5.9087001e-16,0.0021837,0.00020857999,0.00083168998
327,16.35,8.0162002e-16,0.0022215999,0.00021913,0.00087769999
328,16.4,9.4156998e-16,0.0022566,0.00022972999,0.00092729001
329,16.450001,1.0636e-15,0.0022863999,0.00024043,0.00098222995
330,16.5,1.0638e-15,0.0023113,0.00025119001,0.0010351
331,16.549999,8.9365004e-16,0.0023322001,0.00026161,0.001081
332,16.6,7.4248002e-16,0.0023479001,0.00027153999,0.0011264
333,16.65,8.4428999e-16,0.0023586,0.00028126,0.001174
334,16.700001,8.2712e-16,0.0023647,0.0002911,0.0012244
335,16.75,7.1364998e-16,0.0023659,0.00030081,0.0012792
336,16.799999,7.6432997e-16,0.0023624001,0.00030998001,0.0013295
337,16.85,9.2716004e-16,0.0023536,0.00031823001,0.0013701
338,16.9,8.5699998e-16,0.0023405,0.00032575999,0.0014093
339,16.950001,1.0949e-15,0.0023231001,0.00033307,0.001451
340,17,1.1983001e-15,0.0023002999,0.00034023001,0.0014947
341,17.049999,1.5805e-15,0.0022737,0.00034667001,0.0015406
342,17.1,1.3989e-15,0.0022437,0.00035215,0.0015799
343,17.15,1.34e-15,0.0022082999,0.00035682999,0.0016079
344,17.200001,1.3581e-15,0.0021704,0.00036107001,0.0016341
345,17.25,1.2843e-15,0.0021299999,0.00036495001,0.0016627
346,17.299999,1.1029e-15,0.0020844999,0.00036795999,0.001692
347,17.35,1.1617e-15,0.0020373999,0.00036961,0.0017209999
348,17.4,1.0901e-15,0.0019886,0.00037029001,0.0017426
349,17.450001,1.2546e-15,0.0019354,0.00037063999,0.0017528
350,17.5,8.8779e-16,0.0018815,0.00037073999,0.0017619
351,17.549999,9.2741997e-16,0.0018269999,0.00037011001,0.001773
352,17.6,1.1704e-15,0.0017685,0.00036820001,0.0017831
353,17.65,7.9213002e-16,0.0017105,0.00036516,0.0017911
354,17.700001,8.4855999e-16,0.0016525,0.00036182001,0.0017918
355,17.75,7.8701997e-16,0.0015915,0.00035854999,0.0017836
356,17.799999,6.2704001e-16,0.0015315,0.00035469999,0.0017747
357,17.85,8.9102996e-16,0.0014726,0.00034966,0.001767
358,17.9,1.0492e-15,0.0014112,0.00034343,0.0017574
359,17.950001,7.3482999e-16,0.0013517,0.00033675999,0.0017445
360,18,8.3443e-16,0.0012936,0.00033030001,0.0017256
361,18.049999,9.8898e-16,0.0012339,0.00032381,0.0017011
362,18.1,6.3833001e-16,0.0011765,0.00031651001,0.0016759
363,18.15,6.7444998e-16,0.0011212,0.00030831,0.0016511
364,18.200001,8.2965998e-16,0.0010647,0.00029975001,0.0016244
365,18.25,5.1571998e-16,0.0010109,0.00029138001,0.0015941
366,18.299999,6.3627998e-16,0.00095943001,0.0002831,0.0015603
367,18.35,6.9643001e-16,0.00090737001,0.00027436001,0.0015245
368,18.4,7.3575998e-16,0.00085809,0.00026487,0.0014879
369,18.450001,6.7991001e-16,0.00081140001,0.00025524001,0.0014512
370,18.5,5.7212999e-16,0.00076438999,0.00024605999,0.001413
371,18.549999,3.8059999e-16,0.00072034,0.00023727,0.0013722
372,18.6,3.6495e-16,0.00067876,0.00022831,0.001331
373,18.65,4.1605001e-16,0.00063730002,0.00021887,0.0012903
374,18.700001,3.3734e-16,0.00059859001,0.00020918,0.0012485
375,18.75,4.5384999e-16,0.00056238001,0.00019993,0.001206
376,18.799999,4.6599999e-16,0.00052639999,0.00019123001,0.001163
377,18.85,3.0379001e-16,0.00049309997,0.00018269,0.0011189
378,18.9,3.1773e-16,0.00046203,0.00017396,0.0010766
379,18.950001,3.4073999e-16,0.00043143,0.00016523,0.0010364
380,19,2.5670001e-16,0.00040317999,0.00015681,0.00099476997
381,19.049999,3.0366999e-16,0.00037703,0.00014896,0.00095229002
382,19.1,2.7835999e-16,0.00035135,0.00014136999,0.00091048999
383,19.15,3.0902999e-16,0.00032783,0.00013376,0.00086902
384,19.200001,2.9518e-16,0.0003061,0.0001262,0.00083050999
385,19.25,2.7038001e-16,0.00028492001,0.00011904,0.0007946
386,19.299999,1.7432999e-16,0.00026556,0.00011238,0.00075686001
387,19.35,2.0225e-16,0.0002478,0.00010608,0.00071853999
388,19.4,2.3056001e-16,0.00023053,9.9869998e-05,0.00068191998
389,19.450001,1.5868999e-16,0.00021483999,9.3759001e-05,0.00064658001
390,19.5,1.8176e-16,0.00020049,8.7977998e-05,0.00061445002
391,19.549999,1.621e-16,0.00018661001,8.269e-05,0.00058465003
392,19.6,2.1163e-16,0.00017404,7.7712997e-05,0.00055295997
393,19.65,1.7672e-16,0.0001626,7.2866998e-05,0.00052111998
394,19.700001,1.3247e-16,0.00015156,6.8100002e-05,0.00049155997
395,19.75,1.7191e-16,0.00014161,6.3598003e-05,0.00046372999
396,19.799999,1.4353e-16,0.00013258,5.9500999e-05,0.00043871999
397,19.85,9.7444e-17,0.0001239,5.5766999e-05,0.00041548
398,19.9,6.3981997e-17,0.00011611,5.2184001e-05,0.00039060999
399,19.950001,7.8426999e-17,0.00010906,4.8704002e-05,0.00036596
400,20,7.1406002e-17,0.0001023,4.5402001e-05,0.00034371001
401,20.049999,5.0522001e-17,9.6258998e-05,4.2393e-05,0.00032319
402,20.1,6.0444999e-17,9.0804999e-05,3.9651e-05,0.00030489001
403,20.15,6.3859998e-17,8.5596999e-05,3.7067999e-05,0.00028778001
404,20.200001,4.6355999e-17,8.0949998e-05,3.4557001e-05,0.00026936
405,20.25,5.3704e-17,7.6771998e-05,3.2193999e-05,0.00025134001
406,20.299999,5.4192999e-17,7.2786999e-05,3.006e-05,0.00023551
407,20.35,3.5531001e-17,6.9244998e-05,2.8148001e-05,0.00022118
408,20.4,4.7008998e-17,6.6068002e-05,2.6366e-05,0.00020842
409,20.450001,5.5941001e-17,6.3045001e-05,2.4649e-05,0.00019642001
410,20.5,3.4184e-17,6.0367001e-05,2.3007e-05,0.00018346
411,20.549999,3.9649999e-17,5.7970999e-05,2.152e-05,0.00017095001
412,20.6,4.8152e-17,5.5693999e-05,2.0202e-05,0.00016025
413,20.65,3.1024001e-17,5.3683001e-05,1.9001e-05,0.0001507
414,20.700001,3.7251999e-17,5.1890001e-05,1.7853999e-05,0.00014215001
415,20.75,3.2906998e-17,5.0184e-05,1.6763999e-05,0.00013405
416,20.799999,3.6526e-17,4.8686001e-05,1.5762e-05,0.00012531001
417,20.85,3.5376999e-17,4.7346999e-05,1.4877e-05,0.000117
418,20.9,3.3212999e-17,4.6077999e-05,1.4081e-05,0.00011007
419,20.950001,3.4364001e-17,4.4962999e-05,1.333e-05,0.00010394
420,21,3.1587e-17,4.3974e-05,1.2613e-05,9.8395998e-05
421,21.049999,2.9465001e-17,4.3028002e-05,1.1957e-05,9.3085e-05
422,21.1,3.6771001e-17,4.2208001e-05,1.1377e-05,8.7387001e-05
423,21.15,3.0990001e-17,4.1472998e-05,1.0862e-05,8.2068997e-05
424,21.200001,2.7070999e-17,4.0776999e-05,1.038e-05,7.7725002e-05
425,21.25,2.7664999e-17,4.0169001e-05,9.9192002e-06,7.3900999e-05
426,21.299999,2.5896001e-17,3.9633e-05,9.4937996e-06,7.0394002e-05
427,21.35,2.1872e-17,3.9113998e-05,9.1224001e-06,6.7025001e-05
428,21.4,3.0307001e-17,3.8671002e-05,8.7939998e-06,6.3439998e-05
429,21.450001,2.6337001e-17,3.8273e-05,8.4891999e-06,6.015e-05
430,21.5,2.0941e-17,3.7893002e-05,8.1947001e-06,5.7510999e-05
431,21.549999,2.3778e-17,3.7565002e-05,7.9183001e-06,5.5189001e-05
432,21.6,2.2982001e-17,3.7278001e-05,7.6776996e-06,5.3029002e-05
433,21.65,2.1937999e-17,3.6992999e-05,7.4739e-06,5.0952e-05
434,21.700001,2.7744999e-17,3.6758e-05,7.2870998e-06,4.8755999e-05
435,21.75,2.5294e-17,3.6542999e-05,7.1060999e-06,4.6765999e-05
436,21.799999,1.9900999e-17,3.6336001e-05,6.9339999e-06,4.5192999e-05
437,21.85,1.2089e-17,3.616e-05,6.7809001e-06,4.3808999e-05
438,21.9,1.8316001e-17,3.6008001e-05,6.6516e-06,4.2512002e-05
439,21.950001,1.5990999e-17,3.5849e-05,6.5355998e-06,4.1267002e-05
440,22,2.5931e-17,3.5724999e-05,6.4197998e-06,3.9956001e-05
441,22.049999,2.1986001e-17,3.5608999e-05,6.3084999e-06,3.8771999e-05
442,22.1,2.1812999e-17,3.5494999e-05,6.2129002e-06,3.7841e-05
443,22.15,1.4750999e-17,3.54e-05,6.1350001e-06,3.7022e-05
444,22.200001,1.7276e-17,3.5320001e-05,6.0671e-06,3.6256999e-05
445,22.25,1.8992001e-17,3.5229001e-05,5.9970998e-06,3.5533001e-05
446,22.299999,1.3115e-17,3.5164001e-05,5.9237e-06,3.4766999e-05
447,22.35,1.5260999e-17,3.5100999e-05,5.8595001e-06,3.4069999e-05
448,22.4,1.803e-17,3.5035999e-05,5.8123001e-06,3.3517001e-05
449,22.450001,1.1882e-17,3.4984001e-05,5.7737998e-06,3.3036999e-05
450,22.5,1.4785e-17,3.4942001e-05,5.7327002e-06,3.2598e-05
451,22.549999,1.7904999e-17,3.4886001e-05,5.6855001e-06,3.2189e-05
452,22.6,1.171e-17,3.4853001e-05,5.6401e-06,3.1748001e-05
453,22.65,1.4031e-17,3.4818e-05,5.6079002e-06,3.1330001e-05
454,22.700001,1.365e-17,3.4778001e-05,5.5869e-06,3.0995001e-05
455,22.75,1.182e-17,3.4748999e-05,5.5638002e-06,3.0714e-05
456,22.799999,1.6433999e-17,3.4728e-05,5.5339001e-06,3.0470001e-05
457,22.85,2.0848e-17,3.4690998e-05,5.5035998e-06,3.0248e-05
458,22.9,1.4078999e-17,3.4674998e-05,5.4816001e-06,2.9995999e-05
459,22.950001,1.5147001e-17,3.4654e-05,5.4699999e-06,2.9739e-05
460,23,1.3931e-17,3.4629e-05,5.459e-06,2.9524999e-05
461,23.049999,1.9038e-17,3.4613e-05,5.4391999e-06,2.9360999e-05
462,23.1,1.947e-17,3.4601999e-05,5.4164002e-06,2.9232e-05
463,23.15,2.1390001e-17,3.4576002e-05,5.4011002e-06,2.9115001e-05
464,23.200001,2.0665e-17,3.4568999e-05,5.3948002e-06,2.8971001e-05
465,23.25,1.9163e-17,3.4557001e-05,5.3898998e-06,2.8805e-05
466,23.299999,1.8565e-17,3.4539e-05,5.3774002e-06,2.8664001e-05
467,23.35,1.8489e-17,3.453e-05,5.3581998e-06,2.8570999e-05
468,23.4,2.0011e-17,3.4526001e-05,5.3447998e-06,2.8508999e-05
469,23.450001,1.9146e-17,3.4507e-05,5.3430999e-06,2.8451001e-05
470,23.5,1.1764e-17,3.4504999e-05,5.3447002e-06,2.8364e-05
471,23.549999,1.4421001e-17,3.4499e-05,5.3399999e-06,2.8246999e-05
472,23.6,1.5569e-17,3.4486999e-05,5.3272001e-06,2.8148001e-05
473,23.65,1.166e-17,3.4483e-05,5.3139001e-06,2.8101e-05
474,23.700001,1.5845e-17,3.4485001e-05,5.3091999e-06,2.808e-05
475,23.75,1.6176999e-17,3.4469998e-05,5.3104e-06,2.8054001e-05
476,23.799999,1.2761e-17,3.4475001e-05,5.3075e-06,2.7996e-05
477,23.85,1.4611001e-17,3.4474e-05,5.2990999e-06,2.7905e-05
478,23.9,1.3837e-17,3.4468001e-05,5.2915998e-06,2.7833999e-05
479,23.950001,1.0733e-17,3.4470999e-05,5.2902001e-06,2.7815e-05
480,24,1.5301e-17,3.4478999e-05,5.2933001e-06,2.782e-05
481,24.049999,1.4043001e-17,3.4473e-05,5.2923001e-06,2.7808999e-05
482,24.1,1.8295e-17,3.4485998e-05,5.2825999e-06,2.7763001e-05
483,24.15,1.9025e-17,3.4494002e-05,5.2730002e-06,2.7688e-05
484,24.200001,1.879e-17,3.4500001e-05,5.2721002e-06,2.7636999e-05
485,24.25,1.8608e-17,3.4515e-05,5.2772998e-06,2.7639e-05
486,24.299999,1.8583e-17,3.4536999e-05,5.2799001e-06,2.766e-05
487,24.35,1.9974e-17,3.4547e-05,5.2741002e-06,2.7657999e-05
488,24.4,1.3388e-17,3.4577999e-05,5.2639998e-06,2.7616999e-05
489,24.450001,1.7426001e-17,3.4606001e-05,5.2608998e-06,2.7553e-05
490,24.5,2.0134e-17,3.4634999e-05,5.2662999e-06,2.7519e-05
491,24.549999,2.1257e-17,3.4676999e-05,5.2705e-06,2.7538001e-05
492,24.6,1.9777999e-17,3.4729001e-05,5.2670998e-06,2.7569e-05
493,24.65,1.6893e-17,3.4773999e-05,5.2598002e-06,2.7567999e-05
494,24.700001,1.204e-17,3.4845001e-05,5.2570999e-06,2.7528e-05
495,24.75,1.588e-17,3.4917e-05,5.2634e-06,2.7476e-05
496,24.799999,1.6011001e-17,3.4999e-05,5.2710998e-06,2.7458e-05
497,24.85,1.1603e-17,3.5098001e-05,5.2705e-06,2.7492e-05
498,24.9,1.6565e-17,3.5214998e-05,5.2642999e-06,2.7530999e-05
499,24.950001,1.6800999e-17,3.5336001e-05,5.2624e-06,2.7533e-05
500,25,1.9081e-17,3.5491001e-05,5.2685e-06,2.7496e-05
501,25.049999,1.8949001e-17,3.5656001e-05,5.2778e-06,2.7456999e-05
502,25.1,2.2611e-17,3.5847999e-05,5.2805999e-06,2.7459e-05
503,25.15,2.1711e-17,3.6067999e-05,5.2758e-06,2.7511e-05
504,25.200001,1.8282e-17,3.6318001e-05,5.2752998e-06,2.7562999e-05
505,25.25,1.4397001e-17,3.6595e-05,5.2867999e-06,2.7573e-05
506,25.299999,1.1175e-17,3.6918998e-05,5.3039998e-06,2.7549e-05
507,25.35,1.7646001e-17,3.7270998e-05,5.3163999e-06,2.7534001e-05
508,25.4,1.5603e-17,3.7680002e-05,5.3195999e-06,2.7565e-05
509,25.450001,1.2446e-17,3.8135e-05,5.3211002e-06,2.7647e-05
510,25.5,1.6636999e-17,3.8640999e-05,5.333e-06,2.7726001e-05
511,25.549999,2.0592e-17,3.9215e-05,5.3557001e-06,2.7759999e-05
512,25.6,1.4246001e-17,3.9862e-05,5.3782001e-06,2.7767001e-05
513,25.65,1.7227001e-17,4.0562001e-05,5.3956001e-06,2.7798e-05
514,25.700001,1.5339001e-17,4.1374002e-05,5.4130001e-06,2.7882001e-05
515,25.75,1.1695e-17,4.2265001e-05,5.4386001e-06,2.802e-05
516,25.799999,1.7065001e-17,4.3241998e-05,5.4750999e-06,2.8154e-05
517,25.85,1.9905e-17,4.4354001e-05,5.5146002e-06,2.8242999e-05
518,25.9,1.3944e-17,4.5573001e-05,5.5491e-06,2.8320001e-05
519,25.950001,1.9496e-17,4.6883e-05,5.5843998e-06,2.8439999e-05
520,26,2.0781e-17,4.8389e-05,5.6312001e-06,2.8626e-05
521,26.049999,1.3333e-17,5.0011e-05,5.6918998e-06,2.8877001e-05
522,26.1,1.8508001e-17,5.1767001e-05,5.761e-06,2.9125e-05
523,26.15,1.8117001e-17,5.3764001e-05,5.8308001e-06,2.933e-05
524,26.200001,1.2775e-17,5.5917e-05,5.9025001e-06,2.9547e-05
525,26.25,1.7191999e-17,5.8218e-05,5.9878998e-06,2.9834e-05
526,26.299999,2.2218999e-17,6.0846e-05,6.0932998e-06,3.0207e-05
527,26.35,1.5247999e-17,6.3644002e-05,6.2116001e-06,3.0669002e-05
528,26.4,2.1542999e-17,6.6640998e-05,6.3354e-06,3.1135001e-05
529,26.450001,2.7350001e-17,7.0030997e-05,6.4649998e-06,3.1563999e-05
530,26.5,2.9897001e-17,7.3641997e-05,6.6098e-06,3.2039999e-05
531,26.549999,3.1004e-17,7.7468998e-05,6.7804999e-06,3.2628999e-05
532,26.6,2.9965002e-17,8.1805003e-05,6.9758999e-06,3.3339002e-05
533,26.65,2.1734e-17,8.6371998e-05,7.1859999e-06,3.4179e-05
534,26.700001,2.4847999e-17,9.1217e-05,7.4116001e-06,3.5035999e-05
535,26.75,2.4063999e-17,9.6655e-05,7.6608003e-06,3.5854999e-05
536,26.799999,2.3335e-17,0.00010238,7.9412002e-06,3.6780999e-05
537,26.85,2.8741998e-17,0.00010839,8.2526003e-06,3.7886999e-05
538,26.9,4.1216001e-17,0.00011514,8.5878e-06,3.9172999e-05
539,26.950001,3.0593e-17,0.00012218,8.9433997e-06,4.0653002e-05
540,27,3.8129999e-17,0.00012958,9.3355002e-06,4.2159001e-05
541,27.049999,4.6549e-17,0.0001378,9.7769998e-06,4.3618002e-05
542,27.1,5.0323002e-17,0.00014636001,1.0267e-05,4.5272998e-05
543,27.15,4.5930001e-17,0.00015527999,1.0793e-05,4.7213998e-05
544,27.200001,4.4928001e-17,0.00016518999,1.1348e-05,4.9416001e-05
545,27.25,3.6677e-17,0.00017542001,1.1938e-05,5.1898998e-05
546,27.299999,5.1984e-17,0.00018605001,1.2589e-05,5.4405999e-05
547,27.35,6.9586999e-17,0.00019777,1.3311e-05,5.6844001e-05
548,27.4,7.4329001e-17,0.00020985,1.4091e-05,5.9614998e-05
549,27.450001,7.3540003e-17,0.00022231,1.4919e-05,6.2831001e-05
550,27.5,8.2052002e-17,0.00023601,1.5801001e-05,6.6398003e-05
551,27.549999,8.5373e-17,0.00025000999,1.6751999e-05,7.0344002e-05
552,27.6,8.6841001e-17,0.00026443001,1.7793e-05,7.4285999e-05
553,27.65,9.6565998e-17,0.00028015999,1.8908e-05,7.8117999e-05
554,27.700001,1.0443e-16,0.00029620001,2.0076999e-05,8.2502003e-05
555,27.75,1.0465e-16,0.00031259001,2.1301001e-05,8.7537999e-05
556,27.799999,1.0784e-16,0.00033042001,2.2615e-05,9.3005001e-05
557,27.85,1.4534e-16,0.00034845999,2.4035e-05,9.8944998e-05
558,27.9,1.3944001e-16,0.00036683999,2.5564999e-05,0.00010481
559,27.950001,1.3287e-16,0.00038668999,2.7169999e-05,0.00011051
560,28,1.541e-16,0.00040672001,2.8839e-05,0.00011707
561,28.049999,1.6349e-16,0.00042696999,3.0603998e-05,0.0001245
562,28.1,1.6426e-16,0.00044877001,3.2504999e-05,0.0001324
563,28.15,2.1680999e-16,0.00047058999,3.4518998e-05,0.00014082
564,28.200001,2.031e-16,0.00049259001,3.6615998e-05,0.00014903001
565,28.25,1.8595e-16,0.00051606999,3.8763999e-05,0.00015701
566,28.299999,2.5192001e-16,0.00053952,4.0995001e-05,0.00016626999
567,28.35,2.2577999e-16,0.00056295999,4.3370001e-05,0.00017666
568,28.4,1.9298001e-16,0.00058791001,4.5913999e-05,0.00018747
569,28.450001,1.461e-16,0.00061260001,4.8557999e-05,0.00019876999
570,28.5,2.1415001e-16,0.00063721999,5.1275001e-05,0.00020958
571,28.549999,2.4033001e-16,0.00066318002,5.4065e-05,0.00022009001
572,28.6,3.2686999e-16,0.00068878999,5.6976001e-05,0.00023241001
573,28.65,2.9736e-16,0.00071409001,6.0029e-05,0.00024615001
574,28.700001,2.5343001e-16,0.00074067002,6.3184001e-05,0.00026013001
575,28.75,1.7539e-16,0.00076666998,6.6362998e-05,0.00027441001
576,28.799999,2.5859e-16,0.00079224003,6.962e-05,0.00028782999
577,28.85,3.2885001e-16,0.00081885001,7.3023002e-05,0.00030089001
578,28.9,2.2716e-16,0.00084475998,7.6586002e-05,0.00031639999
579,28.950001,3.0591e-16,0.00086999999,8.0234e-05,0.00033348001
580,29,3.7706e-16,0.00089612999,8.3883002e-05,0.00035037001
581,29.049999,4.8543998e-16,0.00092129997,8.7514003e-05,0.00036727
582,29.1,3.9274999e-16,0.00094569998,9.1276001e-05,0.00038290999
583,29.15,3.0427001e-16,0.00097067002,9.5215997e-05,0.00039830999
584,29.200001,2.5324999e-16,0.00099458999,9.9240002e-05,0.00041676001
585,29.25,3.6516001e-16,0.0010174999,0.00010322,0.00043674
586,29.299999,3.4291999e-16,0.0010408,0.00010714,0.00045589
587,29.35,2.6424e-16,0.0010627999,0.0001111,0.00047457
588,29.4,3.98e-16,0.0010836,0.00011523,0.00049175997
589,29.450001,3.8918999e-16,0.0011046,0.00011944,0.00050892
590,29.5,2.9558999e-16,0.0011240999,0.00012354999,0.00052950002
591,29.549999,4.2797999e-16,0.0011424,0.00012752,0.00055131997
592,29.6,5.3801998e-16,0.0011605,0.00013150999,0.00057144999
593,29.65,3.6592001e-16,0.001177,0.00013561,0.00059061003
594,29.700001,5.0130999e-16,0.0011923,0.00013979001,0.00060818001
595,29.75,4.9009999e-16,0.001207,0.00014383,0.00062603003
596,29.799999,6.9679e-16,0.0012202,0.00014761,0.00064743002
597,29.85,6.4150998e-16,0.0012319,0.00015132,0.00066959998
598,29.9,6.4507001e-16,0.0012429,0.00015519001,0.00068919
599,29.950001,3.8729999e-16,0.0012523,0.00015911,0.00070719997
600,30,5.1389002e-16,0.0012604001,0.00016285,0.00072362
601,30.049999,6.3086998e-16,0.0012673,0.00016619,0.00074071001
602,30.1,6.9435002e-16,0.0012728,0.00016926001,0.00076132
603,30.15,6.5944998e-16,0.0012768999,0.00017241,0.00078205997
604,30.200001,6.3615001e-16,0.0012798,0.00017576,0.00079939998
605,30.25,4.6013e-16,0.0012812,0.00017899,0.00081458001
606,30.299999,5.7477999e-16,0.0012813,0.00018185,0.00082836999
607,30.35,5.6636e-16,0.00128,0.00018436,0.00084307999
608,30.4,3.7883001e-16,0.0012772999,0.00018677,0.00086099003
609,30.450001,5.9134001e-16,0.0012735,0.00018924,0.00087833003
610,30.5,6.6467999e-16,0.001268,0.0001916,0.00089164003
611,30.549999,4.8532002e-16,0.0012614999,0.0001935,0.0009025
612,30.6,4.9689001e-16,0.0012538,0.00019501999,0.00091256999
613,30.65,6.0957001e-16,0.0012445,0.00019645,0.00092357001
614,30.700001,4.4178001e-16,0.0012342,0.00019794999,0.00093702
615,30.75,5.7951998e-16,0.001223,0.00019937,0.00094921002
616,30.799999,5.1970998e-16,0.0012101,0.00020035999,0.00095712999
617,30.85,3.9329e-16,0.0011964,0.00020085,0.00096262997
618,30.9,5.6487002e-16,0.001182,0.00020121,0.00096799998
619,30.950001,5.7763999e-16,0.0011659,0.00020167,0.00097416999
620,31,6.6947001e-16,0.0011494,0.00020204,0.00098192005
621,31.049999,6.6794001e-16,0.0011323,0.000202,0.00098796003
622,31.1,5.1998998e-16,0.0011136,0.00020145001,0.00098977995
623,31.15,3.8627e-16,0.0010946,0.00020063001,0.00098961999
624,31.200001,5.3981997e-16,0.0010753,0.00019992,0.00098968996
625,31.25,5.5975002e-16,0.0010544,0.00019927,0.00099035003
626,31.299999,3.7027e-16,0.0010335,0.00019825999,0.00099174003
627,31.35,4.5682001e-16,0.0010125,0.00019678001,0.00099133002
628,31.4,5.4013999e-16,0.00099001999,0.00019506,0.00098704
629,31.450001,3.6158e-16,0.00096774998,0.00019339001,0.00098143006
630,31.5,4.9311002e-16,0.00094549003,0.00019178,0.00097629998
631,31.549999,6.0766001e-16,0.00092195999,0.00018991,0.00097146002
632,31.6,4.0328001e-16,0.00089877,0.00018752,0.00096665998
633,31.65,4.8229003e-16,0.00087584002,0.00018488,0.00096002
634,31.700001,5.9581002e-16,0.00085173,0.00018237,0.00095033
635,31.75,5.9506002e-16,0.00082818,0.00017996,0.0009399
636,31.799999,5.4453001e-16,0.00080499001,0.00017735,0.00092993001
637,31.85,5.4515999e-16,0.00078082999,0.00017429001,0.00092011999
638,31.9,6.5773998e-16,0.00075731002,0.00017088999,0.00090986001
639,31.950001,5.5208999e-16,0.00073435,0.00016765,0.00089800003
640,32,4.4128e-16,0.00071051001,0.00016469001,0.00088419998
641,32.049999,2.9951e-16,0.00068748998,0.00016169999,0.00087002001
642,32.099998,3.8598e-16,0.00066507002,0.00015834,0.00085633999
643,32.150002,3.3479999e-16,0.00064197998,0.00015464,0.00084264
644,32.200001,2.501e-16,0.00061973999,0.00015091,0.00082811998
645,32.25,2.9886001e-16,0.00059825002,0.00014745,0.00081255002
646,32.299999,4.0675999e-16,0.00057615002,0.00014408,0.00079615001
647,32.349998,3.0019999e-16,0.00055504002,0.00014047,0.00077968999
648,32.400002,3.0043999e-16,0.00053466001,0.00013661,0.00076357002
649,32.450001,3.0179e-16,0.00051387999,0.00013278,0.00074728997
650,32.5,3.8852001e-16,0.00049403001,0.00012916001,0.00073009002
651,32.549999,3.8983e-16,0.00047503001,0.00012569,0.00071249
652,32.599998,2.8087999e-16,0.00045565999,0.00012207,0.00069505
653,32.650002,3.1032e-16,0.00043730001,0.00011822,0.00067764998
654,32.700001,3.0971e-16,0.00041974001,0.00011437,0.00066038
655,32.75,2.3643e-16,0.00040197,0.0001108,0.00064292998
656,32.799999,1.6689e-16,0.00038514001,0.00010741,0.00062469998
657,32.849998,2.111e-16,0.00036914001,0.00010398,0.00060671999
658,32.900002,2.4572e-16,0.00035297,0.00010036,0.00058951997
659,32.950001,2.5515999e-16,0.00033775001,9.6698001e-05,0.00057231
660,33,2.6562e-16,0.00032329999,9.3235001e-05,0.00055504998
661,33.049999,2.1755e-16,0.00030879001,9.0027999e-05,0.00053770997
662,33.099998,2.8009e-16,0.00029513999,8.6847002e-05,0.00051991001
663,33.150002,2.4219999e-16,0.00028226001,8.3585001e-05,0.00050283998
664,33.200001,2.1081e-16,0.00026932999,8.0297999e-05,0.00048685999
665,33.25,1.3576001e-16,0.00025724,7.7167002e-05,0.00047075
666,33.299999,1.4564e-16,0.00024584,7.4244002e-05,0.00045444001
667,33.349998,1.8169e-16,0.00023446001,7.1417999e-05,0.00043826
668,33.400002,1.8566e-16,0.00022384,6.8526999e-05,0.00042194
669,33.450001,1.7169e-16,0.00021386999,6.5646003e-05,0.00040667999
670,33.5,1.5881e-16,0.00020393,6.2904997e-05,0.00039261
671,33.549999,1.9698e-16,0.0001947,6.0355e-05,0.00037826001
672,33.599998,1.7324e-16,0.00018603999,5.7893001e-05,0.00036363999
673,33.650002,1.4545e-16,0.00017746,5.5421999e-05,0.00034932001
674,33.700001,1.5317e-16,0.00016949,5.2939999e-05,0.00033513
675,33.75,1.1909e-16,0.00016205,5.0602001e-05,0.00032213001
676,33.799999,1.3916e-16,0.00015468,4.8463e-05,0.00031025
677,33.849998,1.3321e-16,0.00014787,4.6439e-05,0.000298
678,33.900002,1.1601e-16,0.00014153001,4.4409e-05,0.00028548
679,33.950001,1.2715e-16,0.00013527001,4.237e-05,0.00027342999
680,34,8.0742999e-17,0.00012949,4.0405001e-05,0.00026167999
681,34.049999,7.9075998e-17,0.00012413001,3.8612001e-05,0.00025107001
682,34.099998,8.5512999e-17,0.00011884,3.6951002e-05,0.00024138999
683,34.150002,1.1367e-16,0.00011399,3.5321998e-05,0.00023128001
684,34.200001,9.5799003e-17,0.00010949,3.3691998e-05,0.00022098
685,34.25,8.895e-17,0.00010506,3.2133001e-05,0.00021124999
686,34.299999,5.3834999e-17,0.00010101,3.0698e-05,0.00020193
687,34.349998,6.2131997e-17,9.7263e-05,2.9381001e-05,0.00019357
688,34.400002,6.7184999e-17,9.3586001e-05,2.8099001e-05,0.00018592
689,34.450001,8.7836999e-17,9.0226997e-05,2.6811e-05,0.00017785
690,34.5,7.3838999e-17,8.7130997e-05,2.5564001e-05,0.00016970999
691,34.549999,6.3333997e-17,8.4097002e-05,2.4432e-05,0.00016217001
692,34.599998,6.3703998e-17,8.1334001e-05,2.3404e-05,0.00015504
693,34.650002,5.8636001e-17,7.8792e-05,2.243e-05,0.00014867001
694,34.700001,5.4499e-17,7.6306002e-05,2.1456e-05,0.00014279
695,34.75,3.5014999e-17,7.4046999e-05,2.0502001e-05,0.00013656
696,34.799999,4.6036998e-17,7.1975999e-05,1.9625e-05,0.00013034001
697,34.849998,4.8723999e-17,6.9950001e-05,1.8844999e-05,0.0001247
698,34.900002,3.1868e-17,6.8118003e-05,1.8111001e-05,0.00011944
699,34.950001,3.5764001e-17,6.6437999e-05,1.7386001e-05,0.00011474
700,35,4.5162999e-17,6.4801003e-05,1.6669001e-05,0.00011036
701,35.049999,3.0333001e-17,6.3321e-05,1.6001e-05,0.0001057
702,35.099998,3.1954e-17,6.197e-05,1.5407e-05,0.0001011
703,35.150002,4.0634e-17,6.0647999e-05,1.4867e-05,9.7003001e-05
704,35.200001,4.5886002e-17,5.9463e-05,1.434e-05,9.3226001e-05
705,35.25,4.3732999e-17,5.8377002e-05,1.3821e-05,8.9852998e-05
706,35.299999,4.1541e-17,5.7321002e-05,1.3335e-05,8.6683998e-05
707,35.349998,4.8012001e-17,5.6371999e-05,1.2898e-05,8.3311003e-05
708,35.400002,4.2448001e-17,5.5510001e-05,1.25e-05,8.0012003e-05
709,35.450001,3.5982999e-17,5.4664e-05,1.2116e-05,7.7112003e-05
710,35.5,3.5157998e-17,5.3913998e-05,1.1734e-05,7.4463002e-05
711,35.549999,3.3148998e-17,5.3225998e-05,1.1379e-05,7.2092997e-05
712,35.599998,2.9186998e-17,5.2558e-05,1.1069e-05,6.9859998e-05
713,35.650002,1.8533e-17,5.1961e-05,1.0794e-05,6.749e-05
714,35.700001,2.7971e-17,5.1423001e-05,1.0527e-05,6.5193999e-05
715,35.75,3.3009e-17,5.0890001e-05,1.0257e-05,6.3195999e-05
716,35.799999,2.0232001e-17,5.0424998e-05,9.9956997e-06,6.1377003e-05
717,35.849998,2.225e-17,4.9998001e-05,9.7661996e-06,5.9743001e-05
718,35.900002,2.4011999e-17,4.9581999e-05,9.5691003e-06,5.8204001e-05
719,35.950001,1.7839e-17,4.9213999e-05,9.3839999e-06,5.6583998e-05
720,36,2.4287001e-17,4.8885999e-05,9.1988004e-06,5.5024e-05
721,36.049999,2.7348001e-17,4.8555001e-05,9.0211997e-06,5.3672e-05
722,36.099998,3.6604999e-17,4.8275e-05,8.8633997e-06,5.2440999e-05
723,36.150002,3.1218001e-17,4.8015001e-05,8.7298004e-06,5.1335999e-05
724,36.200001,2.5387e-17,4.7762001e-05,8.6041e-06,5.0303999e-05
725,36.25,2.7191e-17,4.7541002e-05,8.4715002e-06,4.9229999e-05
726,36.299999,2.9120999e-17,4.7347999e-05,8.3393998e-06,4.8195001e-05
727,36.349998,2.7545999e-17,4.7147001e-05,8.2258002e-06,4.7293001e-05
728,36.400002,1.7954e-17,4.6984002e-05,8.1339003e-06,4.6469999e-05
729,36.450001,2.0702e-17,4.6833e-05,8.0530999e-06,4.5737001e-05
730,36.5,2.7551001e-17,4.6685e-05,7.9672e-06,4.5065e-05
731,36.549999,1.8351999e-17,4.6559999e-05,7.8758003e-06,4.4372999e-05
732,36.599998,2.0505999e-17,4.6453999e-05,7.7959003e-06,4.3698001e-05
733,36.650002,2.0942e-17,4.6339999e-05,7.7372997e-06,4.3095999e-05
734,36.700001,1.7117001e-17,4.6255998e-05,7.6872002e-06,4.2552001e-05
735,36.75,1.6929001e-17,4.6178e-05,7.6309998e-06,4.2080999e-05
736,36.799999,1.8487e-17,4.6101999e-05,7.5649e-06,4.1660998e-05
737,36.849998,2.5012e-17,4.6044999e-05,7.5022999e-06,4.1231e-05
738,36.900002,2.5923999e-17,4.6002999e-05,7.4586001e-06,4.0793999e-05
739,36.950001,2.0111001e-17,4.5951001e-05,7.4305999e-06,4.0387e-05
740,37,2.3998e-17,4.5928002e-05,7.3998999e-06,4.0029001e-05
741,37.049999,2.4892e-17,4.5908e-05,7.3601e-06,3.9737999e-05
742,37.099998,2.6758001e-17,4.5891e-05,7.3193e-06,3.9488001e-05
743,37.150002,3.2930001e-17,4.5889999e-05,7.2889002e-06,3.9234001e-05
744,37.200001,2.9725e-17,4.5903998e-05,7.2704001e-06,3.8951999e-05
745,37.25,2.3374e-17,4.5911002e-05,7.2512998e-06,3.8671998e-05
746,37.299999,1.5435999e-17,4.5945999e-05,7.2213002e-06,3.8440001e-05
747,37.349998,1.8172999e-17,4.5985002e-05,7.1899999e-06,3.8271999e-05
748,37.400002,2.2024e-17,4.603e-05,7.1713998e-06,3.8137001e-05
749,37.450001,2.4216e-17,4.6092999e-05,7.1658001e-06,3.7996e-05
750,37.5,2.4696999e-17,4.6173001e-05,7.1615e-06,3.7816e-05
751,37.549999,2.4689e-17,4.6251e-05,7.1467002e-06,3.7622001e-05
752,37.599998,2.5956e-17,4.6360001e-05,7.1231002e-06,3.7481001e-05
753,37.650002,2.5117999e-17,4.6475001e-05,7.1072e-06,3.7402999e-05
754,37.700001,1.9714e-17,4.6605001e-05,7.1059999e-06,3.7346999e-05
755,37.75,1.5524e-17,4.6756999e-05,7.1094e-06,3.7280999e-05
756,37.799999,1.8848999e-17,4.6928999e-05,7.1064001e-06,3.7170001e-05
757,37.849998,2.5199999e-17,4.7111e-05,7.0967999e-06,3.7041002e-05
758,37.900002,1.7321e-17,4.7328002e-05,7.0898e-06,3.6973001e-05
759,37.950001,1.6329e-17,4.7557998e-05,7.0951e-06,3.6965001e-05
760,38,2.3052999e-17,4.7817e-05,7.1067002e-06,3.6968999e-05
761,38.049999,2.4903999e-17,4.8104001e-05,7.1116001e-06,3.6959002e-05
762,38.099998,2.5203e-17,4.8418999e-05,7.1095001e-06,3.6899e-05
763,38.150002,2.2308001e-17,4.8761998e-05,7.1109998e-06,3.6827001e-05
764,38.200001,1.6789e-17,4.9147999e-05,7.1232998e-06,3.6828002e-05
765,38.25,1.9516e-17,4.9556002e-05,7.1437998e-06,3.6887999e-05
766,38.299999,2.3477e-17,5.0015999e-05,7.1610998e-06,3.6951002e-05
767,38.349998,2.6849001e-17,5.0512001e-05,7.1711002e-06,3.6997e-05
768,38.400002,2.8365999e-17,5.1048999e-05,7.1853001e-06,3.6989e-05
769,38.450001,2.6592001e-17,5.1638999e-05,7.2134999e-06,3.6982001e-05
770,38.5,3.4917001e-17,5.2283998e-05,7.2495e-06,3.7063e-05
771,38.549999,2.9898e-17,5.2963998e-05,7.2815001e-06,3.7206999e-05
772,38.599998,2.8821001e-17,5.3729e-05,7.3032002e-06,3.7344002e-05
773,38.650002,1.7199001e-17,5.4544998e-05,7.3237002e-06,3.7461999e-05
774,38.700001,2.2439e-17,5.5417e-05,7.3596002e-06,3.7528e-05
775,38.75,2.5856e-17,5.6380999e-05,7.4130999e-06,3.7606998e-05
776,38.799999,2.9073999e-17,5.7417001e-05,7.4700001e-06,3.7794001e-05
777,38.849998,3.0278e-17,5.8500002e-05,7.5219e-06,3.8047001e-05
778,38.900002,2.3266e-17,5.9714999e-05,7.5736002e-06,3.8287999e-05
779,38.950001,3.4066001e-17,6.0991999e-05,7.6362003e-06,3.8509999e-05
780,39,3.1419e-17,6.2341001e-05,7.7148998e-06,3.8687998e-05
781,39.049999,2.9362e-17,6.3833002e-05,7.7990999e-06,3.8898001e-05
782,39.099998,1.9444e-17,6.5412998e-05,7.8767998e-06,3.9238999e-05
783,39.150002,2.2953e-17,6.7061002e-05,7.9549e-06,3.9652001e-05
784,39.200001,2.8114999e-17,6.8898997e-05,8.0489999e-06,4.0045001e-05
785,39.25,2.2006e-17,7.0816997e-05,8.1640001e-06,4.0424999e-05
786,39.299999,3.0378e-17,7.2830997e-05,8.2918996e-06,4.0774001e-05
787,39.349998,3.0769001e-17,7.5053002e-05,8.4181002e-06,4.1182e-05
788,39.400002,2.1429001e-17,7.7379002e-05,8.5412003e-06,4.1752999e-05
789,39.450001,2.5761e-17,7.9796002e-05,8.6788004e-06,4.2403e-05
790,39.5,3.6616999e-17,8.2478e-05,8.8438001e-06,4.3022999e-05
791,39.549999,2.5003e-17,8.5255e-05,9.0275998e-06,4.3635999e-05
792,39.599998,3.1677001e-17,8.8150999e-05,9.2167002e-06,4.4240001e-05
793,39.650002,3.1648e-17,9.1335001e-05,9.4054003e-06,4.4937002e-05
794,39.700001,2.3529e-17,9.4640003e-05,9.6054e-06,4.5845001e-05
795,39.75,2.5173e-17,9.8055003e-05,9.8340997e-06,4.6841e-05
796,39.799999,3.1570999e-17,0.00010182,1.0092e-05,4.7789999e-05
797,39.849998,4.2113998e-17,0.0001057,1.036e-05,4.8737998e-05
798,39.900002,4.4220999e-17,0.00010971,1.0633e-05,4.9703001e-05
799,39.950001,4.4648999e-17,0.0001141,1.092e-05,5.0814e-05
800,40,4.9932999e-17,0.00011862,1.1236e-05,5.2202999e-05
801,40.049999,4.9267999e-17,0.00012327,1.1586e-05,5.3688e-05
802,40.099998,4.4290999e-17,0.00012836,1.1958e-05,5.5092001e-05
803,40.150002,3.1303998e-17,0.00013356,1.2336e-05,5.6501998e-05
804,40.200001,4.6461001e-17,0.00013891001,1.2733e-05,5.7963e-05
805,40.25,5.6063e-17,0.00014473,1.3167e-05,5.9638001e-05
806,40.299999,6.5988002e-17,0.00015069,1.3638e-05,6.1678002e-05
807,40.349998,6.4011001e-17,0.00015676,1.4135e-05,6.3817999e-05
808,40.400002,5.6184e-17,0.00016338,1.4643e-05,6.5827e-05
809,40.450001,4.2341e-17,0.00017009,1.5164e-05,6.785e-05
810,40.5,5.7528003e-17,0.00017696001,1.5727001e-05,6.9975002e-05
811,40.549999,7.6709997e-17,0.00018438,1.6345e-05,7.2392002e-05
812,40.599998,5.7719002e-17,0.00019191,1.7e-05,7.527e-05
813,40.650002,6.8496001e-17,0.00019955001,1.7674e-05,7.8231998e-05
814,40.700001,7.6464e-17,0.00020780999,1.8365001e-05,8.0987003e-05
815,40.75,8.4178002e-17,0.00021614,1.9091e-05,8.3783998e-05
816,40.799999,8.4840997e-17,0.00022459,1.9875e-05,8.6769003e-05
817,40.849998,7.8214003e-17,0.00023367,2.0705e-05,9.0132999e-05
818,40.900002,5.6097999e-17,0.00024282,2.1555001e-05,9.4046001e-05
819,40.950001,8.6980999e-17,0.00025205,2.2423999e-05,9.7994998e-05
820,41,9.9282002e-17,0.00026194999,2.3342e-05,0.00010163
821,41.049999,6.8089002e-17,0.00027187,2.4319001e-05,0.00010535
822,41.099998,9.8845999e-17,0.00028186,2.5351999e-05,0.00010939
823,41.150002,1.0993e-16,0.00029252001,2.6406e-05,0.00011388
824,41.200001,1.6828e-16,0.00030317999,2.7468999e-05,0.00011901
825,41.25,1.4664e-16,0.00031385999,2.8577e-05,0.00012409
826,41.299999,1.4182e-16,0.00032523999,2.9772e-05,0.00012870001
827,41.349998,1.4373e-16,0.00033655,3.1030999e-05,0.00013347001
828,41.400002,1.2380001e-16,0.00034786001,3.2315998e-05,0.00013871001
829,41.450001,1.0585e-16,0.00035983999,3.3592001e-05,0.00014449
830,41.5,7.5635999e-17,0.00037173001,3.4884e-05,0.00015096999
831,41.549999,1.2546001e-16,0.00038355001,3.6254001e-05,0.00015726
832,41.599998,1.6665e-16,0.00039604999,3.7721002e-05,0.00016287
833,41.650002,1.0754e-16,0.00040836999,3.9224e-05,0.00016873
834,41.700001,1.4462e-16,0.00042061001,4.0727999e-05,0.00017525999
835,41.75,1.5465e-16,0.00043345999,4.2242002e-05,0.00018241
836,41.799999,1.1758001e-16,0.00044611,4.3822001e-05,0.00019029999
837,41.849998,1.6159e-16,0.00045858001,4.5497e-05,0.00019779999
838,41.900002,1.9867e-16,0.00047165999,4.7223999e-05,0.00020436999
839,41.950001,1.3611e-16,0.00048444999,4.8919999e-05,0.00021128
840,42,1.802e-16,0.00049702998,5.0605999e-05,0.00021911001
841,42.049999,2.3433e-16,0.00051013002,5.2347001e-05,0.00022759
