time,SAM_dudt,coupled_nekdP,dP,inlet_P,inlet_V,nekRS_accelGradPres,nekRS_posGradPres,outlet_P,outlet_V
0,0,7.6713128848925,7.6713128848925,4.449913001598,0,0,7.6713128848925,-3.2213998832945,0.21212999810534
0.01,0.0043049148517476,-19397.041386404,-19392.74697124,-19392.74697124,0.017689885817434,4.2944151644242,-19392.74697124,0,0.034509305137719
0.02,4.8668202458471,-191.46131753463,4663.4887537329,4663.4887537329,0.066358088275906,4854.9500712675,4663.4887537329,0,0.070153475643877
0.03,0.053677978893789,55.339209243795,108.88626754706,108.88626754706,0.066894868064843,53.547058303267,108.88626754706,0,0.070842181543894
0.04,-0.0081717492544167,-21.54243354904,-29.694251907025,-29.694251907025,0.066813150572299,-8.1518183579852,-29.694251907025,0,0.070309865984451
0.05,0.011093970582465,-1.611108687783,9.4558037004317,9.4558037004317,0.066924090278124,11.066912388215,9.4558037004317,0,0.070123936368293
0.06,0.0060980212104003,-3.3019010220159,2.7812471146522,2.7812471146522,0.066985070490228,6.0831481366682,2.7812471146522,0,0.069890562661253
0.07,0.0065222923585545,-3.4579605778442,3.0484239096478,3.0484239096478,0.067050293413813,6.506384487492,3.0484239096478,0,0.069684841214007
0.08,0.006559091841675,-2.4209571370969,4.1221370795762,4.1221370795762,0.06711588433223,6.5430942166731,4.1221370795762,0,0.069502278577665
0.09,0.0062980556122097,-2.31677818688,3.9659164676915,3.9659164676915,0.067178864888352,6.2826946545715,3.9659164676915,0,0.069338149189403
0.1,0.0062709798244395,-2.0603919672099,4.1952929374378,4.1952929374378,0.067241574686597,6.2556849046477,4.1952929374378,0,0.069196234208322
0.11,0.0062058664463988,-1.7765957300598,4.4141346080762,4.4141346080762,0.067303633351061,6.190730338136,4.4141346080762,0,0.069074468476848
0.12,0.0061338404990396,-1.5251485191199,4.5937315429426,4.5937315429426,0.067364971756051,6.1188800620625,4.5937315429426,0,0.068971008021646
0.13,0.0060699071465567,-1.2987773534395,4.7563252895867,4.7563252895867,0.067425670827517,6.0551026430262,4.7563252895867,0,0.068883712216105
0.14,0.0060122977765198,-1.0949432601893,4.9026905220535,4.9026905220535,0.067485793805282,5.9976337822429,4.9026905220535,0,0.06881048518395
0.15,0.0059604824012946,-0.91024769473564,5.0356970899822,5.0356970899822,0.067545398629295,5.9459447847178,5.0356970899822,0,0.068749926625553
0.16,0.0059130055666101,-0.74294906129033,5.1556346847428,5.1556346847428,0.067604528684961,5.8985837460332,5.1556346847428,0,0.068700598120527
0.17,0.0058702771352392,-0.59132172452545,5.2646378047809,5.2646378047809,0.067663231456313,5.8559595293064,5.2646378047809,0,0.068661521232615
0.18,0.0058316495530175,-0.45249279247383,5.3649333672839,5.3649333672839,0.067721547951843,5.8174261597577,5.3649333672839,0,0.068631441130625
0.19,0.0057954313699898,-0.32627288877265,5.4550234241058,5.4550234241058,0.067779502265543,5.7812963128784,5.4550234241058,0,0.06860918800512
0.2,0.0057632848694963,-0.21096111387384,5.5382671038258,5.5382671038258,0.067837135114238,5.7492282176996,5.5382671038258,0,0.068593939846465
0.21,0.0057335454776986,-0.10462906814916,5.6149322921293,5.6149322921293,0.067894470569015,5.7195613602784,5.6149322921293,0,0.068584960353003
0.22,0.0057060539798065,-0.0070964060907777,5.685040508059,5.685040508059,0.067951531108813,5.6921369141498,5.685040508059,0,0.068581581457806
0.23,0.0056806912383064,0.082873715223312,5.7497097475995,5.7497097475995,0.068008338021196,5.6668360323762,5.7497097475995,0,0.068583206563614
0.24,0.0056572926534978,0.16615211446856,5.8096466311845,5.8096466311845,0.068064910947731,5.643494516716,5.8096466311845,0,0.068589278668906
0.25,0.0056356621679313,0.24353305728498,5.8654498451887,5.8654498451887,0.068121267569411,5.6219167879037,5.8654498451887,0,0.068599311608092
0.26,0.005615336821517,0.31570119608192,5.9173422110912,5.9173422110912,0.068177420937626,5.6016410150093,5.9173422110912,0,0.068612847945831
0.27,0.005596444442918,0.38205524213405,5.9648499570557,5.9648499570557,0.068233385382055,5.5827947149217,5.9648499570557,0,0.068629593301945
0.28,0.0055789491178723,0.44504240218792,6.0103844631617,6.0103844631617,0.068289174873234,5.5653420609738,6.0103844631617,0,0.06864919892774
0.29,0.0055623447119957,0.50431339820731,6.0530915514504,6.0530915514504,0.068344798320354,5.5487781532431,6.0530915514504,0,0.068671299718935
0.3,0.005546659947811,0.55931937022343,6.0924510144217,6.0924510144217,0.068400264919832,5.5331316441983,6.0924510144217,0,0.06869562712022
0.31,0.0055308466285167,0.61118205521495,6.1285389488047,6.1285389488047,0.068455573386117,5.5173568935898,6.1285389488047,0,0.0687219397744
0.32,0.0055193294702979,0.65998754161314,6.165855367333,6.165855367333,0.06851076668082,5.5058678257199,6.165855367333,0,0.068750079695415
0.33,0.0055050705372234,0.70714362654122,6.1987872967243,6.1987872967243,0.068565817386192,5.4916436701831,6.1987872967243,0,0.068779797066214
0.34,0.0054924117448937,0.75029015202348,6.2293059046714,6.2293059046714,0.068620741503641,5.4790157526479,6.2293059046714,0,0.068810954743662
0.35,0.0054808190896594,0.79202731179775,6.2594786836974,6.2594786836974,0.068675549694538,5.4674513718997,6.2594786836974,0,0.068843412965756
0.36,0.0054695789568848,0.83192499748117,6.2881636512902,6.2881636512902,0.068730245484107,5.456238653809,6.2881636512902,0,0.068877013490001
0.37,0.0054586954978439,0.86928178880323,6.3146635283279,6.3146635283279,0.068784832439085,5.4453817395246,6.3146635283279,0,0.068911659027302
0.38,0.0054484829230553,0.90497445078458,6.3401685239905,6.3401685239905,0.068839317268316,5.4351940732059,6.3401685239905,0,0.068947270010871
0.39,0.0054387394949451,0.93951791400961,6.3649923233266,6.3649923233266,0.068893704663265,5.4254744093169,6.3649923233266,0,0.068983742288281
0.4,0.0054292318696691,0.97232070162236,6.3883106747614,6.3883106747614,0.068947996981962,5.415989973139,6.3883106747614,0,0.069020991011863
0.41,0.005420246375562,1.0033806870251,6.4104070816772,6.4104070816772,0.069002199445717,5.407026394652,6.4104070816772,0,0.069058965328122
0.42,0.0054116047063971,1.0333781134216,6.4317839159398,6.4317839159398,0.069056315492781,5.3984058025182,6.4317839159398,0,0.069097602039101
0.43,0.005403262490955,1.0621667184005,6.4522506521401,6.4522506521401,0.069110348117691,5.3900839337396,6.4522506521401,0,0.069136851652102
0.44,0.0053951606716215,1.0897655088233,6.4717673835668,6.4717673835668,0.069164299724407,5.3820018747435,6.4717673835668,0,0.069176666225687
0.45,0.0053874737571832,1.1161895594003,6.4905232680897,6.4905232680897,0.069218174461979,5.3743337086895,6.4905232680897,0,0.069217009736283
0.46,0.0053800009671714,1.1417344404824,6.5086135852949,6.5086135852949,0.069271974471651,5.3668791448125,6.5086135852949,0,0.069257842396389
0.47,0.0053727415843946,1.1661561182739,6.5257935859441,6.5257935859441,0.069325701887495,5.3596374676703,6.5257935859441,0,0.069299127941505
0.48,0.0053658321212485,1.1897340936512,6.542478950356,6.542478950356,0.069379360208707,5.3527448567048,6.542478950356,0,0.069340840012034
0.49,0.0053591180840959,1.2126072881149,6.5586544832036,6.5586544832036,0.069432951389548,5.3460471950888,6.5586544832036,0,0.069382950166805
0.5,0.0053525927429965,1.2345314646268,6.5740692339231,6.5740692339231,0.069486477316978,5.3395377692963,6.5740692339231,0,0.06942543525713
0.51,0.0053462721273601,1.2556290312764,6.5888616009178,6.5888616009178,0.069539940038252,5.3332325696414,6.5888616009178,0,0.069468279005541
0.52,0.0053401300379285,1.2760753822388,6.6031808430048,6.6031808430048,0.069593341338631,5.327105460766,6.6031808430048,0,0.069511457747106
0.53,0.0053342085446301,1.2958599727049,6.6170583826946,6.6170583826946,0.069646683424077,5.3211984099897,6.6170583826946,0,0.069554954216245
0.54,0.0053283951524499,1.3149349456645,6.6303341423376,6.6303341423376,0.069699967375602,5.3153991966731,6.6303341423376,0,0.069598747597142
0.55,0.0053228048555204,1.3333154861597,6.6431380206375,6.6431380206375,0.069753195424157,5.3098225344778,6.6431380206375,0,0.069642825736476
0.56,0.0053173746838137,1.351199413917,6.6556050208768,6.6556050208768,0.069806369170995,5.3044056069598,6.6556050208768,0,0.069687179694696
0.57,0.0053120749653551,1.3684275719815,6.6675463864961,6.6675463864961,0.069859489920649,5.2991188145146,6.6675463864961,0,0.069731786205642
0.58,0.0053068727431757,1.3850917035185,6.6790209840736,6.6790209840736,0.06991255864808,5.2939292805551,6.6790209840736,0,0.069776632769905
0.59,0.0053020722729127,1.4012380121087,6.6903785307478,6.6903785307478,0.069965579370809,5.2891405186391,6.6903785307478,0,0.069821711928265
0.6,0.0052971144826483,1.4170178768497,6.7012126972748,6.7012126972748,0.070018550515636,5.2841948204251,6.7012126972748,0,0.069867009455452
0.61,0.0052922944122263,1.4320397725888,6.7114262787437,6.7114262787437,0.070071473459758,5.2793865061549,6.7114262787437,0,0.069912517903794
0.62,0.0052877665974824,1.4466629039098,6.7215326386609,6.7215326386609,0.070124351125733,5.2748697347511,6.7215326386609,0,0.069958232188272
0.63,0.005283225644899,1.4610491657513,6.7313890233023,6.7313890233023,0.070177183382182,5.2703398575511,6.7313890233023,0,0.070004138682261
0.64,0.0052786260292551,1.4747809506678,6.7405324110375,6.7405324110375,0.070229969642475,5.2657514603697,6.7405324110375,0,0.070050220986639
0.65,0.0052748029818361,1.4880014682654,6.7499392056289,6.7499392056289,0.070282717672293,5.2619377373634,6.7499392056289,0,0.070096489313911
0.66,0.0052704672836218,1.5012698021652,6.7588824160823,6.7588824160823,0.070335422345129,5.257612613917,6.7588824160823,0,0.070142923951385
0.67,0.0052663164551034,1.5135806327015,6.7670525419709,6.7670525419709,0.07038808550968,5.2534719092694,6.7670525419709,0,0.070189511573599
0.68,0.0052623804411844,1.5256675575523,6.7752130528407,6.7752130528407,0.070440709314092,5.2495454952884,6.7752130528407,0,0.07023625321564
0.69,0.0052586074219402,1.5377329051606,6.7835145835987,6.7835145835987,0.070493295388311,5.2457816784381,6.7835145835987,0,0.070283139862494
0.7,0.0052547263091854,1.5492987324417,6.791208764159,6.791208764159,0.070545842651403,5.2419100317173,6.791208764159,0,0.070330160767973
0.71,0.0052510188177493,1.560215221061,6.7984268039138,6.7984268039138,0.070598352839581,5.2382115828528,6.7984268039138,0,0.070377316910226
0.72,0.0052474842824571,1.5710574220962,6.8057430903884,6.8057430903884,0.070650827682405,5.2346856682922,6.8057430903884,0,0.070424603328897
0.73,0.0052439657106745,1.5816890406309,6.8128647189371,6.8128647189371,0.070703267339512,5.2311756783062,6.8128647189371,0,0.07047201113603
0.74,0.0052404643115414,1.5919141878171,6.8195970069027,6.8195970069027,0.070755671982628,5.2276828190856,6.8195970069027,0,0.070519534320294
0.75,0.0052370618793957,1.6017122200803,6.8260009055521,6.8260009055521,0.070808042601421,5.2242886854718,6.8260009055521,0,0.070567166631311
0.76,0.0052338008919225,1.6114195472658,6.832455198813,6.832455198813,0.070860380610341,5.2210356515471,6.832455198813,0,0.070614915288078
0.77,0.00523057532755,1.6209104060812,6.8387283604073,6.8387283604073,0.070912686363616,5.2178179543261,6.8387283604073,0,0.070662761320043
0.78,0.0052273998522534,1.6300132106784,6.8446634346922,6.8446634346922,0.070964960362139,5.2146502240138,6.8446634346922,0,0.070710700614394
0.79,0.0052243144583505,1.6388158442306,6.8503881996173,6.8503881996173,0.071017203506722,5.2115723553866,6.8503881996173,0,0.070758731320544
0.8,0.0052212522552941,1.6475362217969,6.8560538428404,6.8560538428404,0.071069416029275,5.2085176210435,6.8560538428404,0,0.070806851189093
0.81,0.005218306123303,1.6559688686282,6.8615475432964,6.8615475432964,0.071121599090508,5.2055786746682,6.8615475432964,0,0.070855057330423
0.82,0.0052153450490672,1.6642027805573,6.8668276030498,6.8668276030498,0.071173752540999,5.2026248224925,6.8668276030498,0,0.070903345456667
0.83,0.0052123752929678,1.6721543328854,6.8718166425136,6.8718166425136,0.071225876293929,5.1996623096283,6.8718166425136,0,0.070951710281877
0.84,0.0052097150061631,1.6798966942377,6.8769052055007,6.8769052055007,0.07127797344399,5.197008511263,6.8769052055007,0,0.071000152110187
0.85,0.005206930412234,1.6876079027852,6.8818386117438,6.8818386117438,0.071330042748113,5.1942307089586,6.8818386117438,0,0.071048665399759
0.86,0.0052041531563435,1.6949797593252,6.8864399861204,6.8864399861204,0.071382084279676,5.1914602267952,6.8864399861204,0,0.071097251065502
0.87,0.0052010831801813,1.7021026983857,6.8905004366905,6.8905004366905,0.071434095111478,5.1883977383048,6.8905004366905,0,0.071145896392335
0.88,0.0051992701698908,1.7089528616495,6.8955420115959,6.8955420115959,0.071486087813177,5.1865891499464,6.8955420115959,0,0.071194613421203
0.89,0.0051963704452568,1.7164615291767,6.9001580269175,6.9001580269175,0.071538051517629,5.1836964977408,6.9001580269175,0,0.071243382280312
0.9,0.0051936663276339,1.7226383511635,6.9036373266243,6.9036373266243,0.071589988180906,5.1809989754608,6.9036373266243,0,0.071292200315284
0.91,0.0051912704320409,1.7290362782076,6.9076452016648,6.9076452016648,0.071641900885226,5.1786089234571,6.9076452016648,0,0.071341084422866
0.92,0.0051889047522805,1.7356913223185,6.9119403359082,6.9119403359082,0.071693789932749,5.1762490135896,6.9119403359082,0,0.071390022661694
0.93,0.0051864025041815,1.7418996054419,6.9156524739156,6.9156524739156,0.071745653957791,5.1737528684738,6.9156524739156,0,0.071439006158616
0.94,0.0051840374491907,1.7478194610332,6.9192130428854,6.9192130428854,0.071797494332283,5.1713935818521,6.9192130428854,0,0.071488041064371
0.95,0.0051816777516228,1.7538154957883,6.9228551353749,6.9228551353749,0.071849311109799,5.1690396395866,6.9228551353749,0,0.071537122096967
0.96,0.0051794550686587,1.7596101748316,6.9264325525779,6.9264325525779,0.071901105660485,5.1668223777463,6.9264325525779,0,0.071586252028355
0.97,0.0051772912591147,1.7652408486128,6.9299046943466,6.9299046943466,0.071952878573077,5.1646638457337,6.9299046943466,0,0.071635424218203
0.98,0.005174747110763,1.7708741716776,6.9330000742375,6.9330000742375,0.072004626044184,5.1621259025598,6.9330000742375,0,0.071684634228772
0.99,0.0051727247350752,1.7760402534678,6.9361487129142,6.9361487129142,0.072056353291535,5.1601084594464,6.9361487129142,0,0.071733882633999
1,0.0051705748269168,1.7815024925764,6.9394662874903,6.9394662874903,0.072108059039804,5.1579637949139,6.9394662874903,0,0.071783167565175
1.01,0.0051684119269799,1.7866267819311,6.9424329522211,6.9424329522211,0.072159743159074,5.15580617029,6.9424329522211,0,0.071832486462045
1.02,0.0051659553774036,1.7916140865142,6.9449696987523,6.9449696987523,0.072211402712848,5.1533556122381,6.9449696987523,0,0.071881840297993
1.03,0.0051645756592791,1.7963771250424,6.9483563842885,6.9483563842885,0.072263048469441,5.1519792592462,6.9483563842885,0,0.071931234587808
1.04,0.0051621903361748,1.8016441066403,6.9512438605852,6.9512438605852,0.072314670372802,5.1495997539449,6.9512438605852,0,0.07198065632778
1.05,0.0051600966526844,1.8060269466125,6.953538123561,6.953538123561,0.072366271339329,5.1475111769485,6.953538123561,0,0.072030105946165
1.06,0.0051581536850309,1.8105946727799,6.956167620973,6.956167620973,0.07241785287618,5.1455729481931,6.956167620973,0,0.072079590890661
1.07,0.005156258476112,1.815372613954,6.9590549756427,6.9590549756427,0.072469415460941,5.1436823616887,6.9590549756427,0,0.072129105221727
1.08,0.0051542023789916,1.8197818702895,6.9614131496788,6.9614131496788,0.072520957484731,5.1416312793893,6.9614131496788,0,0.072178642250011
1.09,0.0051522787441721,1.8239102055294,6.9636225418445,6.9636225418445,0.072572480272172,5.1397123363151,6.9636225418445,0,0.07222820475595
1.1,0.0051504299480504,1.8282735089189,6.966141558326,6.966141558326,0.072623984571653,5.1378680494071,6.966141558326,0,0.07227778731268
1.11,0.0051485390427319,1.8324822927105,6.9684640487172,6.9684640487172,0.07267546996208,5.1359817560067,6.9684640487172,0,0.07232739695823
1.12,0.0051466596312208,1.836528788849,6.9706357172293,6.9706357172293,0.072726936558392,5.1341069283802,6.9706357172293,0,0.072377027349128
1.13,0.0051450393338051,1.8404730957308,6.9729636786007,6.9729636786007,0.07277838695173,5.13249058287,6.9729636786007,0,0.07242668215635
1.14,0.0051428595990125,1.8444693540172,6.9747855184676,6.9747855184676,0.072829815547721,5.1303161644505,6.9747855184676,0,0.072476353805897
1.15,0.0051411858209796,1.8480922070052,6.9767386757675,6.9767386757675,0.07288122740593,5.1286464687622,6.9767386757675,0,0.072526046905518
1.16,0.0051395081710703,1.8520178043302,6.9789907149713,6.9789907149713,0.072932622487641,5.1269729106411,6.9789907149713,0,0.07257576402173
1.17,0.0051376682475693,1.8557548928049,6.9808923675184,6.9808923675184,0.072983999170117,5.1251374747135,6.9808923675184,0,0.072625497247861
1.18,0.0051359438644677,1.8591760189113,6.9825933162936,6.9825933162936,0.073035358608761,5.1234172973823,6.9825933162936,0,0.072675248696198
1.19,0.0051342429111215,1.8627659038151,6.9844863964763,6.9844863964763,0.073086701037873,5.1217204926612,6.9844863964763,0,0.072725011017758
1.2,0.0051325530788099,1.8662606047416,6.9862953865922,6.9862953865922,0.073138026568661,5.1200347818507,6.9862953865922,0,0.072774788658622
1.21,0.0051308580649376,1.8696323706291,6.9879762727463,6.9879762727463,0.07318933514931,5.1183439021172,6.9879762727463,0,0.072824585023355
1.22,0.0051291340394999,1.8729650565263,6.9895891381038,6.9895891381038,0.073240626489705,5.1166240815775,6.9895891381038,0,0.072874393062113
1.23,0.0051275299378012,1.8761768450164,6.9912007372993,6.9912007372993,0.073291901789083,5.1150238922829,6.9912007372993,0,0.072924215126563
1.24,0.0051258838833279,1.879383352375,6.9927652049115,6.9927652049115,0.073343160627916,5.1133818525365,6.9927652049115,0,0.072974053707129
1.25,0.0051242400542204,1.882600267021,6.9943422997492,6.9943422997492,0.073394403028459,5.1117420327281,6.9943422997492,0,0.073023898113749
1.26,0.0051226952481553,1.885654057931,6.9958550523761,6.9958550523761,0.07344562998094,5.1102009944451,6.9958550523761,0,0.073073757489681
1.27,0.0051210271990038,1.8886530491596,6.997190062825,6.997190062825,0.07349684025293,5.1085370136654,6.997190062825,0,0.07312363278148
1.28,0.0051195149173941,1.8915655366697,6.9985939571802,6.9985939571802,0.073548035402104,5.1070284205106,6.9985939571802,0,0.073173519697606
1.29,0.0051178681526778,1.8945521132198,6.9999377854732,6.9999377854732,0.073599214083631,5.1053856722535,6.9999377854732,0,0.073223406087507
1.3,0.0051164332942527,1.8973254987537,7.0012798122017,7.0012798122017,0.073650378416573,5.103954313448,7.0012798122017,0,0.073273305257144
1.31,0.0051148618103264,1.9002150786941,7.0026017410651,7.0026017410651,0.073701527034677,5.102386662371,7.0026017410651,0,0.073323216060237
1.32,0.005113340122323,1.9029556083344,7.0038242940991,7.0038242940991,0.0737526604359,5.1008686857647,7.0038242940991,0,0.073373133226964
1.33,0.0051118217477664,1.9056027373347,7.0049567518583,7.0049567518583,0.073803778653378,5.0993540145236,7.0049567518583,0,0.073423056752511
1.34,0.0051103172579336,1.9082856846531,7.0061388787946,7.0061388787946,0.073854881825957,5.0978531941415,7.0061388787946,0,0.073472988424268
1.35,0.0051088250772283,1.9109251883273,7.0072898411922,7.0072898411922,0.073905970076729,5.0963646528649,7.0072898411922,0,0.073522926613599
1.36,0.005107306303348,1.9134928917964,7.0083424750705,7.0083424750705,0.073957043139763,5.0948495832741,7.0083424750705,0,0.073572872961864
1.37,0.0051059122997979,1.9159663587135,7.0094253384122,7.0094253384122,0.074008102262761,5.0934589796987,7.0094253384122,0,0.073622825466286
1.38,0.0051044663804414,1.9184914911208,7.0105080780604,7.0105080780604,0.074059146926565,5.0920165869395,7.0105080780604,0,0.073672782454982
1.39,0.0051029521358228,1.9209479048748,7.0114539404383,7.0114539404383,0.074110176447923,5.0905060355636,7.0114539404383,0,0.073722742828877
1.4,0.0051015865089404,1.9232906831596,7.0124344226047,7.0124344226047,0.074161192313013,5.0891437394451,7.0124344226047,0,0.073772707293071
1.41,0.0051001488891589,1.9257225163902,7.0134321424084,7.0134321424084,0.074212193801904,5.0877096260182,7.0134321424084,0,0.073822675388172
1.42,0.0050987894526441,1.9280079282748,7.014361433444,7.014361433444,0.074263181696431,5.0863535051691,7.014361433444,0,0.073872648715875
1.43,0.0050973187332007,1.9303164895834,7.0152028623938,7.0152028623938,0.074314154883763,5.0848863728104,7.0152028623938,0,0.073922628318951
1.44,0.0050959075884205,1.9325715797136,7.0160502495259,7.0160502495259,0.074365113959647,5.0834786698123,7.0160502495259,0,0.073972602212861
1.45,0.0050945153744986,1.934781545686,7.0168713971862,7.0168713971862,0.074416059113392,5.0820898515002,7.0168713971862,0,0.074022581873664
1.46,0.0050931111457056,1.936994476028,7.0176835236492,7.0176835236492,0.074466990224849,5.0806890476212,7.0176835236492,0,0.074072568531278
1.47,0.005091810132149,1.9391385188818,7.0185297261185,7.0185297261185,0.07451790832617,5.0793912072367,7.0185297261185,0,0.07412255672717
1.48,0.0050904309076921,1.9412789293134,7.0192942760216,7.0192942760216,0.074568812635247,5.0780153467083,7.0192942760216,0,0.074172544004089
1.49,0.0050891011714418,1.9433311074394,7.0200199611241,7.0200199611241,0.074619703646962,5.0766888536847,7.0200199611241,0,0.074222534849529
1.5,0.0050877534699678,1.9454200331422,7.0207644723968,7.0207644723968,0.074670581181662,5.0753444392546,7.0207644723968,0,0.074272531387514
1.51,0.0050863535467127,1.9474637545538,7.0214116849661,7.0214116849661,0.074721444717129,5.0739479304123,7.0214116849661,0,0.074322517573304
1.52,0.0050850287818288,1.9494234132599,7.0220498098899,7.0220498098899,0.074772295004947,5.0726263966299,7.0220498098899,0,0.074372509834944
1.53,0.0050837287295741,1.9514346657079,7.0227641809105,7.0227641809105,0.074823132292243,5.0713295152026,7.0227641809105,0,0.074422504452496
1.54,0.0050824120376561,1.9534072140627,7.0234232487589,7.0234232487589,0.074873956412619,5.0700160346962,7.0234232487589,0,0.074472497824311
1.55,0.0050810636796919,1.9553038378457,7.0239748032228,7.0239748032228,0.074924767049416,5.0686709653771,7.0239748032228,0,0.074522491022839
1.56,0.0050797513954454,1.957183184805,7.0245450665968,7.0245450665968,0.074975564563371,5.0673618817919,7.0245450665968,0,0.074572484915974
1.57,0.0050784942679682,1.9590714798887,7.0251793003374,7.0251793003374,0.07502634950605,5.0661078204487,7.0251793003374,0,0.074622479521635
1.58,0.0050772520621134,1.9609315316127,7.0258001759466,7.0258001759466,0.075077122026671,5.0648686443339,7.0258001759466,0,0.074672477559851
1.59,0.0050758366625436,1.9627514293886,7.0262081263123,7.0262081263123,0.075127880393297,5.0634566969237,7.0262081263123,0,0.074722463854961
1.6,0.0050746333920576,1.9644662938239,7.0267226550383,7.0267226550383,0.075178626727217,5.0622563612144,7.0267226550383,0,0.074772451584931
1.61,0.0050733710961273,1.9663188491479,7.0273159931718,7.0273159931718,0.075229360438179,5.0609971440239,7.0273159931718,0,0.074822441789492
1.62,0.0050720604453616,1.9680888898812,7.0277785798165,7.0277785798165,0.075280081042632,5.0596896899354,7.0277785798165,0,0.074872428455943
1.63,0.0050708205391922,1.9697712192462,7.0282240271434,7.0282240271434,0.075330789248024,5.0584528078971,7.0282240271434,0,0.074922411956702
1.64,0.0050695613339646,1.9714953815249,7.028692055396,7.028692055396,0.075381484861364,5.0571966738711,7.028692055396,0,0.074972399064051
1.65,0.0050682415661557,1.9731857591424,7.0290658841182,7.0290658841182,0.075432167277025,5.0558801249759,7.0290658841182,0,0.075022373722156
1.66,0.0050671293063145,1.9748005064052,7.0295710843416,7.0295710843416,0.075482838570089,5.0547705779364,7.0295710843416,0,0.075072350183952
1.67,0.0050657941198642,1.97657972035,7.0300183683558,7.0300183683558,0.075533496511287,5.0534386480059,7.0300183683558,0,0.075122327960591
1.68,0.0050645549837497,1.9781412922798,7.0303438264242,7.0303438264242,0.075584142061125,5.0522025341443,7.0303438264242,0,0.075172304298113
1.69,0.0050633742662537,1.9797278165356,7.0307525129539,7.0307525129539,0.075634775803787,5.0510246964183,7.0307525129539,0,0.075222265598894
1.7,0.0050620695138337,1.9813768738773,7.0311000001668,7.0311000001668,0.075685396498926,5.0497231262895,7.0311000001668,0,0.075272227693583
1.71,0.0050608770341298,1.9828955117699,7.0314290668135,7.0314290668135,0.075736005269267,5.0485335550436,7.0314290668135,0,0.075322190837523
1.72,0.0050596420998181,1.9845127479337,7.0318143806703,7.0318143806703,0.075786601690265,5.0473016327366,7.0318143806703,0,0.075372148246673
1.73,0.0050584145592711,1.9860785420811,7.0321556282421,7.0321556282421,0.075837185835858,5.046077086161,7.0321556282421,0,0.075422100926462
1.74,0.0050572039682978,1.9875665138093,7.0324359616284,7.0324359616284,0.075887757875541,5.0448694478191,7.0324359616284,0,0.075472048810106
1.75,0.0050560176490244,1.989090382936,7.0327764049144,7.0327764049144,0.075938318052031,5.0436860219784,7.0327764049144,0,0.07552199406221
1.76,0.0050547635229881,1.9906447520108,7.0330797067663,7.0330797067663,0.075988865687261,5.0424349547555,7.0330797067663,0,0.075571941597317
1.77,0.0050535754720762,1.9920924875887,7.0333422890885,7.0333422890885,0.076039401441982,5.0412498014999,7.0333422890885,0,0.075621872720483
1.78,0.0050523719474005,1.9935487129429,7.0335979251637,7.0335979251637,0.076089925161456,5.0400492122208,7.0335979251637,0,0.075671801130589
1.79,0.0050511693240357,1.9950292478647,7.0338787699191,7.0338787699191,0.076140436854696,5.0388495220544,7.0338787699191,0,0.075721730057496
1.8,0.0050499781908631,1.9964911874866,7.0341524815421,7.0341524815421,0.076190936636605,5.0376612940555,7.0341524815421,0,0.075771652807579
1.81,0.0050487901857993,1.997922130284,7.0343983168201,7.0343983168201,0.076241424538463,5.0364761865361,7.0343983168201,0,0.075821570019787
1.82,0.0050476304040439,1.999330466028,7.0346496995164,7.0346496995164,0.076291900842503,5.0353192334885,7.0346496995164,0,0.075871482716316
1.83,0.0050463775935747,2.0007490027464,7.0348184813703,7.0348184813703,0.076342364618439,5.034069478624,7.0348184813703,0,0.075921390577762
1.84,0.0050451549105004,2.0021328551744,7.0349826328481,7.0349826328481,0.076392816167544,5.0328497776737,7.0349826328481,0,0.075971299196392
1.85,0.0050441360846115,2.003512408695,7.0353458453962,7.0353458453962,0.07644325752839,5.0318334367011,7.0353458453962,0,0.076021193123732
1.86,0.0050428462529617,2.0049805074356,7.0355272583863,7.0355272583863,0.07649368599092,5.0305467509507,7.0355272583863,0,0.076071084370147
1.87,0.0050417592721119,2.0062047741955,7.0356671954428,7.0356671954428,0.076544103583641,5.0294624212472,7.0356671954428,0,0.076120974839486
1.88,0.0050405108820276,2.0076351882376,7.0358522642239,7.0358522642239,0.076594508692461,5.0282170759863,7.0358522642239,0,0.0761708572809
1.89,0.00503931984875,2.0089684121,7.0359973597389,7.0359973597389,0.076644901890948,5.0270289476389,7.0359973597389,0,0.076220732915615
1.9,0.0050382125043907,2.0102833156112,7.0362076197037,7.0362076197037,0.076695284015992,5.0259243040925,7.0362076197037,0,0.076270604529909
1.91,0.0050370562262939,2.0116518994097,7.0364227455676,7.0364227455676,0.076745654578255,5.0247708461579,7.0364227455676,0,0.076320472180385
1.92,0.0050359344405143,2.012933451269,7.0365852476829,7.0365852476829,0.07679601392266,5.0236517964139,7.0365852476829,0,0.076370340191966
1.93,0.0050346012707814,2.0142544123621,7.036576290644,7.036576290644,0.076846359935368,5.0223218782819,7.036576290644,0,0.076420189220681
1.94,0.005033491138777,2.0154679578675,7.036682411757,7.036682411757,0.076896694846756,5.0212144538895,7.036682411757,0,0.076470041419588
1.95,0.0050323938168298,2.0168380131159,7.0369578214264,7.0369578214264,0.076947018784924,5.0201198083105,7.0369578214264,0,0.076519881822029
1.96,0.0050313957291589,2.0181272007748,7.0372513557503,7.0372513557503,0.076997332742216,5.0191241549755,7.0372513557503,0,0.076569720292414
1.97,0.0050299275815083,2.0193980556815,7.0370576438185,7.0370576438185,0.077047632018031,5.017659588137,7.0370576438185,0,0.076619551746883
1.98,0.0050289081696922,2.0204715697788,7.0371142324451,7.0371142324451,0.077097921099728,5.0166426626663,7.0371142324451,0,0.076669375088508
1.99,0.005027800669527,2.0218985344603,7.0374363981543,7.0374363981543,0.077148199106423,5.015537863694,7.0374363981543,0,0.076719193134209
2,0.0050266450487099,2.0231437822216,7.0375288436578,7.0375288436578,0.07719846555691,5.0143850614361,7.0375288436578,0,0.076769006376761
2.01,0.0050253955069024,2.0243154191828,7.0374539864438,7.0374539864438,0.077248719511979,5.0131385672611,7.0374539864438,0,0.076818809650101
2.02,0.0050243354885349,2.025503093731,7.0375842280093,7.0375842280093,0.077298962866865,5.0120811342783,7.0375842280093,0,0.076868609071809
2.03,0.0050232499737513,2.0267719106538,7.0377701777191,7.0377701777191,0.077349195366602,5.0109982670653,7.0377701777191,0,0.076918409689797
2.04,0.0050220281019739,2.0280061949996,7.0377855704328,7.0377855704328,0.077399415647622,5.0097793754332,7.0377855704328,0,0.0769681877728
2.05,0.005020934159114,2.0291606096582,7.0378487103581,7.0378487103581,0.077449624989213,5.0086881006999,7.0378487103581,0,0.077017963927516
2.06,0.0050197892788956,2.0303820827444,7.0379280955888,7.0379280955888,0.077499822882002,5.0075460128443,7.0379280955888,0,0.077067738539736
2.07,0.0050186368856911,2.0315635972974,7.0379600276243,7.0379600276243,0.077550009250859,5.0063964303269,7.0379600276243,0,0.077117501392517
2.08,0.0050176651157474,2.032700319392,7.0381273499221,7.0381273499221,0.077600185902016,5.0054270305301,7.0381273499221,0,0.077167256747376
2.09,0.0050162816019092,2.033986820152,7.0380337112342,7.0380337112342,0.077650348718035,5.0040468910821,7.0380337112342,0,0.077217011256465
2.1,0.0050154097554267,2.0349915976172,7.0381687686504,7.0381687686504,0.07770050281559,5.0031771710332,7.0381687686504,0,0.077266746220673
2.11,0.005013991526745,2.036333545267,7.0380959466782,7.0380959466782,0.077750642730857,5.0017624014112,7.0380959466782,0,0.077316483377946
2.12,0.0050129556205217,2.0373411838854,7.0380702056487,7.0380702056487,0.077800772287062,5.0007290217632,7.0380702056487,0,0.077366202449722
2.13,0.0050118773671642,2.0385333081443,7.03818670641,7.03818670641,0.077850891060734,4.9996533982657,7.03818670641,0,0.077415917026892
2.14,0.0050107274611952,2.0397216374447,7.0382279343621,7.0382279343621,0.077900998335346,4.9985062969173,7.0382279343621,0,0.077465626855853
2.15,0.0050096366489574,2.0408022102557,7.0382203554263,7.0382203554263,0.077951094701836,4.9974181451706,7.0382203554263,0,0.077515328531558
2.16,0.0050084554613888,2.0419489589088,7.0381887974273,7.0381887974273,0.078001179256449,4.9962398385185,7.0381887974273,0,0.077565020005836
2.17,0.0050074193222005,2.0430504276943,7.038256654168,7.038256654168,0.078051253449671,4.9952062264737,7.038256654168,0,0.077614704147847
2.18,0.0050062715629851,2.0442269740844,7.0382882407274,7.0382882407274,0.078101316165301,4.9940612666429,7.0382882407274,0,0.077664380019026
2.19,0.0050051281799454,2.045305432696,7.0382261050106,7.0382261050106,0.078151367447101,4.9929206723145,7.0382261050106,0,0.077714047046809
2.2,0.0050039981816075,2.0464022949563,7.0381957249988,7.0381957249988,0.078201407428917,4.9917934300425,7.0381957249988,0,0.077763705118846
2.21,0.0050029239882204,2.0475174158315,7.0382392724447,7.0382392724447,0.078251436668799,4.9907218566132,7.0382392724447,0,0.077813355940504
2.22,0.0050018387885917,2.04863705384,7.0382763576263,7.0382763576263,0.078301455056685,4.9896393037863,7.0382763576263,0,0.077862998130211
2.23,0.0050006590978924,2.0497468820765,7.0382093724291,7.0382093724291,0.078351461647664,4.9884624903526,7.0382093724291,0,0.077912631700498
2.24,0.0049995412535933,2.0507953899417,7.0381427624175,7.0381427624175,0.0784014570602,4.9873473724758,7.0381427624175,0,0.077962256015975
2.25,0.0049984831629851,2.0518725752299,7.0381644377805,7.0381644377805,0.07845144189183,4.9862918625506,7.0381644377805,0,0.078011872575151
2.26,0.0049973367882206,2.053012205622,7.0381604894161,7.0381604894161,0.078501415259712,4.9851482837941,7.0381604894161,0,0.078061480280291
2.27,0.0049962071414875,2.054053178428,7.0380745706974,7.0380745706974,0.078551377331127,4.9840213922694,7.0380745706974,0,0.078111078609034
2.28,0.0049950940976332,2.0551141674781,7.0380252306071,7.0380252306071,0.078601328272103,4.982911063129,7.0380252306071,0,0.078160667561643
2.29,0.0049940105546778,2.0562039821235,7.0380341450584,7.0380341450584,0.07865126837765,4.9818301629349,7.0380341450584,0,0.078210248432959
2.3,0.0049928956259049,2.0572847680932,7.0380027215665,7.0380027215665,0.078701197333909,4.9807179534733,7.0380027215665,0,0.078259819903908
2.31,0.0049919498378667,2.0583039243094,7.0380783965216,7.0380783965216,0.078751116832288,4.9797744722122,7.0380783965216,0,0.078309384104425
2.32,0.0049905852023746,2.0594640778962,7.0378772429622,7.0378772429622,0.078801022684311,4.978413165066,7.0378772429622,0,0.078358937089668
2.33,0.0049895751530804,2.0603452410139,7.0377508202959,7.0377508202959,0.078850918435842,4.977405579282,7.0377508202959,0,0.078408480571515
2.34,0.0049884769564384,2.0615184105994,7.0378284717411,7.0378284717411,0.078900803205407,4.9763100611417,7.0378284717411,0,0.078458015983267
2.35,0.0049873497671743,2.0625723623172,7.0377579834093,7.0377579834093,0.078950676703078,4.9751856210922,7.0377579834093,0,0.078507542507751
2.36,0.0049861715126498,2.0635718006843,7.0375820410147,7.0375820410147,0.079000538418205,4.9740102403304,7.0375820410147,0,0.078557058576833
2.37,0.0049852037996928,2.0645593539634,7.0376042415887,7.0376042415887,0.079050390456202,4.9730448876254,7.0376042415887,0,0.078606565627857
2.38,0.0049840528994732,2.0657149059451,7.0376117003965,7.0376117003965,0.079100230985196,4.9718967944514,7.0376117003965,0,0.078656062990536
2.39,0.004982952133735,2.0666839393981,7.0374826528789,7.0374826528789,0.079150060506534,4.9707987134808,7.0374826528789,0,0.07870555067294
2.4,0.0049818579367672,2.0677000031409,7.0374071884003,7.0374071884003,0.079199879085901,4.9697071852594,7.0374071884003,0,0.078755028448364
2.41,0.0049807642790667,2.0687455252132,7.0373617202032,7.0373617202032,0.079249686728692,4.96861619499,7.0373617202032,0,0.078804497562958
2.42,0.0049796605281385,2.0697633993973,7.0372785355077,7.0372785355077,0.079299483333974,4.9675151361104,7.0372785355077,0,0.07885395627487
2.43,0.0049785527504634,2.070787107239,7.037197167544,7.037197167544,0.079349268861478,4.966410060305,7.037197167544,0,0.078903405460504
2.44,0.0049774738531072,2.0718145540783,7.0371483484577,7.0371483484577,0.079399043600009,4.9653337943795,7.0371483484577,0,0.078952844631135
2.45,0.0049763287135962,2.0728153139634,7.0370067618271,7.0370067618271,0.079448806887145,4.9641914478638,7.0370067618271,0,0.079002274118552
2.46,0.004975269462365,2.0737972364268,7.0369320165731,7.0369320165731,0.079498559581769,4.9631347801463,7.0369320165731,0,0.079051694170256
2.47,0.0049740916385058,2.0748777714803,7.0368376004797,7.0368376004797,0.079548300498154,4.9619598289994,7.0368376004797,0,0.079101103533209
2.48,0.0049731443207246,2.0758294699573,7.0368442916837,7.0368442916837,0.079598031941361,4.9610148217264,7.0368442916837,0,0.07915050303011
2.49,0.0049720020453822,2.0768938520184,7.0367691844119,7.0367691844119,0.079647751961815,4.9598753323935,7.0367691844119,0,0.079199893535087
2.5,0.0049710361480604,2.077826932415,7.0367387233103,7.0367387233103,0.079697462323296,4.9589117908953,7.0367387233103,0,0.079249274636021
2.51,0.0049696533979501,2.0789107647969,7.0364431781095,7.0364431781095,0.079747158857275,4.9575324133125,7.0364431781095,0,0.079298644194887
2.52,0.0049686362509224,2.079792226775,7.0363099738814,7.0363099738814,0.079796845219784,4.9565177471064,7.0363099738814,0,0.079348003170907
2.53,0.0049676068777135,2.0808909040864,7.0363817886252,7.0363817886252,0.079846521288561,4.9554908845388,7.0363817886252,0,0.079397354447931
2.54,0.004966500517127,2.0819221844836,7.0363094068494,7.0363094068494,0.079896186293733,4.9543872223658,7.0363094068494,0,0.079446695392788
2.55,0.0049653380712195,2.0828435970041,7.0360712086679,7.0360712086679,0.079945839674445,4.9532276116638,7.0360712086679,0,0.079496025713179
2.56,0.0049643359400386,2.0837955546017,7.0360234792826,7.0360234792826,0.079995483033845,4.9522279246809,7.0360234792826,0,0.079545346964572
2.57,0.0049631841099448,2.0849238012224,7.0360027051231,7.0360027051231,0.080045114874945,4.9510789039007,7.0360027051231,0,0.079594658419223
2.58,0.0049620006517745,2.0858828013617,7.0357811335465,7.0357811335465,0.080094734881462,4.9498983321848,7.0357811335465,0,0.079643957689018
2.59,0.0049611033767522,2.0867756264129,7.0357788720292,7.0357788720292,0.08014434591523,4.9490032456163,7.0357788720292,0,0.079693249501681
2.6,0.0049599017999183,2.0879102814223,7.0357148808506,7.0357148808506,0.080193944933229,4.9478045994283,7.0357148808506,0,0.079742531731663
2.61,0.0049587794637068,2.0888023725324,7.0354873731273,7.0354873731273,0.080243532727866,4.9466850005948,7.0354873731273,0,0.079791803274731
2.62,0.0049577015138358,2.0897856689681,7.0353953488117,7.0353953488117,0.080293109743005,4.9456096798435,7.0353953488117,0,0.079841065165464
2.63,0.0049567293323796,2.0908279585001,7.0354678280381,7.0354678280381,0.080342677036328,4.9446398695379,7.0354678280381,0,0.079890319942427
2.64,0.0049553995487145,2.0918511872319,7.0351645164471,7.0351645164471,0.080392231031816,4.9433133292152,7.0351645164471,0,0.07993956245995
2.65,0.0049544138076507,2.0926939255481,7.035023917922,7.035023917922,0.080441775169892,4.9423299923739,7.035023917922,0,0.079988796088104
2.66,0.004953371518189,2.09379451206,7.0350847571161,7.0350847571161,0.080491308885074,4.9412902450562,7.0350847571161,0,0.080038021416851
2.67,0.004952237514487,2.0948282918255,7.0349872990146,7.0349872990146,0.080540831260219,4.9401590071891,7.0349872990146,0,0.080087236767292
2.68,0.0049511197559596,2.0957187577796,7.0347627326544,7.0347627326544,0.080590342457778,4.9390439748748,7.0347627326544,0,0.080136440673856
2.69,0.0049500314684925,2.0966999081705,7.0346582499113,7.0346582499113,0.080639842772463,4.9379583417408,7.0346582499113,0,0.080185636287829
2.7,0.0049489750085202,2.0977358171383,7.0346402756127,7.0346402756127,0.080689332522549,4.9369044584744,7.0346402756127,0,0.080234822831907
2.71,0.0049478618189547,2.0987212090036,7.0345151929818,7.0345151929818,0.080738811140738,4.9357939839782,7.0345151929818,0,0.080284000009583
2.72,0.0049467458029195,2.0996933916892,7.0343740815954,7.0343740815954,0.080788278598767,4.9346806899062,7.0343740815954,0,0.08033316651126
2.73,0.004945652875489,2.1006672254524,7.0342576535781,7.0342576535781,0.080837735127522,4.9335904281257,7.0342576535781,0,0.080382324088583
2.74,0.0049445579217572,2.1016290202616,7.0341271652476,7.0341271652476,0.08088718070674,4.932498144986,7.0341271652476,0,0.080431471247477
2.75,0.0049434908033552,2.1026428292082,7.034076458494,7.034076458494,0.080936615614773,4.9314336292858,7.034076458494,0,0.08048060995827
2.76,0.0049423021201353,2.1036733458018,7.0339211910661,7.0339211910661,0.080986038635975,4.9302478452643,7.0339211910661,0,0.080529737759052
2.77,0.0049413202389811,2.1045372033945,7.0338055623128,7.0338055623128,0.081035451838364,4.9292683589183,7.0338055623128,0,0.080578855797046
2.78,0.0049401904185592,2.1055905722385,7.0337318663668,7.0337318663668,0.08108485374255,4.9281412941283,7.0337318663668,0,0.080627963748603
2.79,0.0049391311907995,2.1065622845024,7.0336469343276,7.0336469343276,0.081134245054458,4.9270846498252,7.0336469343276,0,0.080677062330996
2.8,0.0049379318072959,2.1075590958358,7.0334472874537,7.0334472874537,0.081183624372531,4.9258881916179,7.0334472874537,0,0.080726149649122
2.81,0.0049368998763566,2.1084924664736,7.0333512440318,7.0333512440318,0.081232993371295,4.9248587775582,7.0333512440318,0,0.080775227537431
2.82,0.0049358434841329,2.1095254842281,7.0333304461032,7.0333304461032,0.081282351806136,4.9238049618751,7.0333304461032,0,0.080824295475677
2.83,0.0049348696588916,2.1104905463629,7.0333240581565,7.0333240581565,0.081331700502725,4.9228335117936,7.0333240581565,0,0.08087335498899
2.84,0.0049334524634223,2.1115270144496,7.0329467873137,7.0329467873137,0.081381035027359,4.921419772864,7.0329467873137,0,0.08092240103439
2.85,0.0049324834796277,2.1123357977458,7.0327889501667,7.0327889501667,0.081430359862155,4.9204531524209,7.0327889501667,0,0.080971436940404
2.86,0.004931445753846,2.1134559103987,7.032873868051,7.032873868051,0.081479674319694,4.9194179576524,7.032873868051,0,0.081020464017902
2.87,0.0049302467914056,2.1145143676821,7.0327362871635,7.0327362871635,0.081528976787608,4.9182219194813,7.0327362871635,0,0.081069480152933
2.88,0.0049291571304913,2.1153596543345,7.0324945705845,7.0324945705845,0.081578268358913,4.91713491625,7.0324945705845,0,0.081118483779303
2.89,0.0049281441753174,2.116360045235,7.0324844769088,7.0324844769088,0.081627549800666,4.9161244316738,7.0324844769088,0,0.081167478911649
2.9,0.0049269769201832,2.1174383061599,7.0323983296348,7.0323983296348,0.081676819569868,4.9149600234749,7.0323983296348,0,0.081216463289339
2.91,0.0049259099405716,2.1183242799786,7.0322199262051,7.0322199262051,0.081726078669273,4.9138956462265,7.0322199262051,0,0.081265437102926
2.92,0.0049248164221735,2.1193619534401,7.0321667483599,7.0321667483599,0.081775326833495,4.9128047949198,7.0321667483599,0,0.081314400506822
2.93,0.004923706238949,2.1203647209281,7.0320620403603,7.0320620403603,0.081824563895885,4.9116973194322,7.0320620403603,0,0.081363353926251
2.94,0.0049226123885915,2.1212985772723,7.031904714248,7.031904714248,0.081873790019771,4.9106061369757,7.031904714248,0,0.081412296021241
2.95,0.0049215104625147,2.1223306521811,7.0318375506778,7.0318375506778,0.081923005124396,4.9095068984966,7.0318375506778,0,0.081461228663643
2.96,0.0049204156062257,2.1233316762245,7.0317463887866,7.0317463887866,0.081972209280458,4.9084147125622,7.0317463887866,0,0.08151015020986
2.97,0.0049193742785933,2.124276412953,7.0316523376808,7.0316523376808,0.082021403023244,4.9073759247278,7.0316523376808,0,0.0815590616287
2.98,0.004918151540563,2.1253030406964,7.031459209652,7.031459209652,0.08207058453865,4.9061561689556,7.031459209652,0,0.081607960655321
2.99,0.004916983828572,2.1262578662617,7.0312491712758,7.0312491712758,0.082119754376935,4.9049913050141,7.0312491712758,0,0.081656848871884
3,0.0049161448046869,2.1272343861008,7.0313887136091,7.0313887136091,0.082168915824982,4.9041543275083,7.0313887136091,0,0.081705728683993
3.01,0.0049148779761393,2.1283748368361,7.0312654255916,7.0312654255916,0.082218064604744,4.9028905887555,7.0312654255916,0,0.081754598234305
3.02,0.0049137419179252,2.1292111244897,7.030968425877,7.030968425877,0.082267202023923,4.9017573013873,7.030968425877,0,0.081803454645113
3.03,0.0049127079842337,2.130197807403,7.0309236968632,7.0309236968632,0.082316329103765,4.9007258894602,7.0309236968632,0,0.081852302309294
3.04,0.0049115964476473,2.1312956985932,7.0309127625047,7.0309127625047,0.082365445068242,4.8996170639115,7.0309127625047,0,0.081901139840288
3.05,0.0049104494992819,2.1322388617017,7.0307117746549,7.0307117746549,0.082414549563234,4.8984729129531,7.0307117746549,0,0.081949966375707
3.06,0.0049094044743,2.1332152546426,7.0306456914298,7.0306456914298,0.082463643607977,4.8974304367872,7.0306456914298,0,0.081998782769262
3.07,0.0049082290108568,2.1342657662917,7.030523606591,7.030523606591,0.082512725898086,4.8962578402993,7.030523606591,0,0.082047587832133
3.08,0.0049071749372853,2.1352054900807,7.030411827694,7.030411827694,0.082561797647459,4.8952063376133,7.030411827694,0,0.082096381177838
3.09,0.004906189619433,2.1362282333,7.0304516562512,7.0304516562512,0.082610859543653,4.8942234229512,7.0304516562512,0,0.082145166338903
3.1,0.004904824181963,2.1373056410582,7.0301669568414,7.0301669568414,0.082659907785473,4.8928613157832,7.0301669568414,0,0.082193938623064
3.11,0.0049038570200721,2.138123135029,7.0300196478292,7.0300196478292,0.082708946355674,4.8918965128002,7.0300196478292,0,0.08224270063615
3.12,0.0049027865052828,2.1392743183884,7.0301029273848,7.0301029273848,0.082757974220726,4.8908286089964,7.0301029273848,0,0.082291453472356
3.13,0.0049016130509685,2.1402941599936,7.0299521767308,7.0299521767308,0.082806990351236,4.8896580167372,7.0299521767308,0,0.082340195534584
3.14,0.0049004930954333,2.1411955817553,7.0297363745288,7.0297363745288,0.08285599528219,4.8885407927735,7.0297363745288,0,0.082388925184371
3.15,0.0048994552486858,2.1422165729628,7.0297220502971,7.0297220502971,0.082904989834677,4.8875054773343,7.0297220502971,0,0.082437645686224
3.16,0.0048983047199982,2.1432875750056,7.0296453297918,7.0296453297918,0.082953972881877,4.8863577547862,7.0296453297918,0,0.082486355194461
3.17,0.0048971051943583,2.1442597197013,7.0294208744906,7.0294208744906,0.083002943933821,4.8851611547893,7.0294208744906,0,0.082535052069161
3.18,0.0048960810083237,2.1452100023551,7.0293494690995,7.0293494690995,0.083051904743904,4.8841394667444,7.0293494690995,0,0.082583738234706
3.19,0.0048949963258854,2.1462985604072,7.0293559902538,7.0293559902538,0.083100854707163,4.8830574298466,7.0293559902538,0,0.082632415462376
3.2,0.0048938196420142,2.147306576637,7.0291901925444,7.0291901925444,0.083149792903583,4.8818836159074,7.0291901925444,0,0.082681080845093
3.21,0.0048926829648077,2.1482521350814,7.0290018461379,7.0290018461379,0.083198719733231,4.8807497110565,7.0290018461379,0,0.082729735089374
3.22,0.0048916275805277,2.1492839627291,7.0289808635879,7.0289808635879,0.083247636009036,4.8796969008588,7.0289808635879,0,0.082778378877129
3.23,0.0048905156658466,2.1503202911381,7.0289079892756,7.0289079892756,0.083296541165695,4.8785876981376,7.0289079892756,0,0.082827012663742
3.24,0.004889471358667,2.1513206603614,7.0288665983846,7.0288665983846,0.083345435879282,4.8775459380232,7.0288665983846,0,0.082875635893697
3.25,0.0048882534218517,2.1523565824912,7.028687554247,7.028687554247,0.0833943184135,4.8763309717558,7.028687554247,0,0.08292424803556
3.26,0.0048872014614093,2.1532663517237,7.0285479287686,7.0285479287686,0.083443190428114,4.8752815770449,7.0285479287686,0,0.082972848319044
3.27,0.0048860577846491,2.1543636811707,7.028504370883,7.028504370883,0.083492051005961,4.8741406897123,7.028504370883,0,0.083021438529577
3.28,0.0048851320880713,2.1553695776304,7.0285868285389,7.0285868285389,0.083540902326841,4.8732172509085,7.0285868285389,0,0.083070018514335
3.29,0.0048836629126692,2.1564602768652,7.0282119356904,7.0282119356904,0.083589738955968,4.8717516588252,7.0282119356904,0,0.083118585406433
3.3,0.0048827112658967,2.1572619905687,7.0280643236878,7.0280643236878,0.083638566068627,4.8708023331192,7.0280643236878,0,0.08316714075278
3.31,0.0048816597403828,2.1584289686767,7.0281823409527,7.0281823409527,0.083687382666031,4.869753372276,7.0281823409527,0,0.083215687815747
3.32,0.0048805096828058,2.1594862046636,7.0280923243531,7.0280923243531,0.083736187762859,4.8686061196895,7.0280923243531,0,0.083264223041322
3.33,0.0048794187036738,2.1604001501419,7.0279179515974,7.0279179515974,0.083784981949896,4.8675178014556,7.0279179515974,0,0.083312747263912
3.34,0.0048782612882936,2.1614589606499,7.0278221696614,7.0278221696614,0.083833764562779,4.8663632090115,7.0278221696614,0,0.08336126009424
3.35,0.0048771683505075,2.1624676953041,7.0277406322047,7.0277406322047,0.083882536246284,4.8652729369006,7.0277406322047,0,0.083409762298223
3.36,0.0048760229649739,2.1635001216561,7.0276304666184,7.0276304666184,0.083931296475933,4.8641303449623,7.0276304666184,0,0.083458253014575
3.37,0.0048749706964044,2.1645195702892,7.027600213165,7.027600213165,0.083980046182897,4.8630806428758,7.027600213165,0,0.083506733251377
3.38,0.0048737684843939,2.1655836842661,7.0274650473265,7.0274650473265,0.084028783867741,4.8618813630604,7.0274650473265,0,0.083555201189856
3.39,0.0048726895356482,2.1665286292574,7.0273336751282,7.0273336751282,0.084077510763098,4.8608050458708,7.0273336751282,0,0.083603659030669
3.4,0.0048715840768904,2.1675964752221,7.0272987585489,7.0272987585489,0.084126226603867,4.8597022833268,7.0272987585489,0,0.083652106292748
3.41,0.0048704371844482,2.1686453072648,7.0272034954201,7.0272034954201,0.084174930975711,4.8585581881554,7.0272034954201,0,0.083700542870339
3.42,0.0048692861742999,2.1696332703446,7.0270432556654,7.0270432556654,0.084223623837454,4.8574099853208,7.0270432556654,0,0.083748967378709
3.43,0.0048682048064366,2.1706546718782,7.0269859267919,7.0269859267919,0.084272305885519,4.8563312549137,7.0269859267919,0,0.083797382049667
3.44,0.0048671103004744,2.1717154139485,7.0269548324001,7.0269548324001,0.084320976988523,4.8552394184515,7.0269548324001,0,0.083845785650142
3.45,0.0048659782250077,2.1727262680261,7.026836372143,7.026836372143,0.084369636770773,4.8541101041169,7.026836372143,0,0.083894178848432
3.46,0.0048648425487879,2.1737409238074,7.0267181216188,7.0267181216188,0.084418285196261,4.8529771978114,7.0267181216188,0,0.083942560424492
3.47,0.0048637197797324,2.1747833885942,7.0266405557839,7.0266405557839,0.084466922394059,4.8518571671897,7.0266405557839,0,0.0839909312797
3.48,0.004862480592166,2.175844977079,7.0264659790807,7.0264659790807,0.08451554719998,4.8506210020017,7.0264659790807,0,0.084039290422693
3.49,0.0048615908872979,2.1767913080251,7.0265247751488,7.0265247751488,0.084564163108853,4.8497334671238,7.0265247751488,0,0.08408764094572
3.5,0.0048603767133892,2.1779525183235,7.0264747729088,7.0264747729088,0.084612766875987,4.8485222545853,7.0264747729088,0,0.084135980419799
3.51,0.0048590077267444,2.1789057731344,7.0260623800333,7.0260623800333,0.084661356953255,4.8471566068988,7.0260623800333,0,0.084184306821205
3.52,0.0048583126063456,2.1797923621753,7.026255544074,7.026255544074,0.084709940079318,4.8464631818987,7.026255544074,0,0.084232625341117
3.53,0.0048561313283443,2.1812475152902,7.0255347393247,7.0255347393247,0.084758501392601,4.8442872240345,7.0255347393247,0,0.084280926979018
3.54,0.0048566784244378,2.1815790422949,7.0264120280555,7.0264120280555,0.084807068176846,4.8448329857606,7.0264120280555,0,0.084329228314753
3.55,0.0048548709976795,2.1834798024605,7.0265097697767,7.0265097697767,0.084855616886823,4.8430299673162,7.0265097697767,0,0.084377520593237
3.56,0.0048532164325224,2.1841217169677,7.0255011546112,7.0255011546112,0.084904149051148,4.8413794376435,7.0255011546112,0,0.084425791667002
3.57,0.0048526921443012,2.1847080081941,7.0255644363553,7.0255644363553,0.084952675972591,4.8408564281613,7.0255644363553,0,0.084474056013202
3.58,0.0048515005086777,2.1864577060984,7.0261254050355,7.0261254050355,0.085001190977678,4.8396676989371,7.0261254050355,0,0.084522314962403
3.59,0.0048501809495727,2.1873739126199,7.0257252708566,7.0257252708566,0.085049692787173,4.8383513582367,7.0257252708566,0,0.084570559669306
3.6,0.0048491009592297,2.1881051349805,7.0253791369706,7.0253791369706,0.085098183796766,4.8372740019901,7.0253791369706,0,0.084618792313806
3.61,0.0048480026518902,2.1893830762388,7.025561449661,7.025561449661,0.085146663823285,4.8361783734222,7.025561449661,0,0.084667017335985
3.62,0.0048468429083889,2.190407981099,7.0254294396344,7.0254294396344,0.085195132252368,4.8350214585354,7.0254294396344,0,0.084715229120743
3.63,0.0048457344627079,2.1913728367004,7.0252885530538,7.0252885530538,0.085243589596996,4.8339157163533,7.0252885530538,0,0.084763432124627
3.64,0.0048446669846977,2.1926054932614,7.0254563351834,7.0254563351834,0.085292036266843,4.832850841922,7.0254563351834,0,0.084811626544057
3.65,0.0048434242032075,2.193578049352,7.0251891409279,7.0251891409279,0.085340470508875,4.8316110915759,7.0251891409279,0,0.084859807664043
3.66,0.0048423447053178,2.1944550551899,7.0249892817714,7.0249892817714,0.085388893955928,4.8305342265815,7.0249892817714,0,0.084907977570209
3.67,0.0048412429374839,2.1957068739234,7.0251420198828,7.0251420198828,0.085437306385303,4.8294351459594,7.0251420198828,0,0.084956138919734
3.68,0.0048401542157864,2.1968284716765,7.0251775513306,7.0251775513306,0.08548570792746,4.8283490796541,7.0251775513306,0,0.085004290256888
3.69,0.0048388452874581,2.1977917997587,7.0248351435607,7.0248351435607,0.085534096380335,4.827043343802,7.0248351435607,0,0.085052427596906
3.7,0.0048378533204843,2.1987422424074,7.024796038643,7.024796038643,0.08558247491354,4.8260537962356,7.024796038643,0,0.085100555921736
3.71,0.0048366717808085,2.1999825663408,7.0248577046759,7.0248577046759,0.085630841631348,4.8248751383351,7.0248577046759,0,0.085148673444499
3.72,0.0048355024160437,2.2009861834087,7.0246948090598,7.0246948090598,0.085679196655508,4.823708625651,7.0246948090598,0,0.085196780055748
3.73,0.0048343634242387,2.202047900832,7.024620312679,7.024620312679,0.085727540289751,4.822572411847,7.024620312679,0,0.085244875105761
3.74,0.0048332942027315,2.2031229339994,7.0246287321705,7.0246287321705,0.085775873231778,4.8215057981711,7.0246287321705,0,0.085292960333272
3.75,0.0048320661937898,2.2042027185354,7.0244835028786,7.0244835028786,0.085824193893716,4.8202807843431,7.0244835028786,0,0.085341032713696
3.76,0.0048310306298802,2.2052098386119,7.0244575847857,7.0244575847857,0.085872504200015,4.8192477461739,7.0244575847857,0,0.085389095720564
3.77,0.0048298587919993,2.206391852079,7.0244706184845,7.0244706184845,0.085920802787935,4.8180787664056,7.0244706184845,0,0.085437147081486
3.78,0.0048286941680034,2.2074361706585,7.0243531535862,7.0243531535862,0.085969089729615,4.8169169829277,7.0243531535862,0,0.085485186589053
3.79,0.0048267673395497,2.2085775492531,7.0235724032616,7.0235724032616,0.08601735740301,4.8149948540085,7.0235724032616,0,0.085533207324093
3.8,0.0048272367115298,2.2092011450173,7.0246642262077,7.0246642262077,0.086065629770126,4.8154630811904,7.0246642262077,0,0.085581229283808
3.81,0.0048253923557284,2.2112542740027,7.0248774977755,7.0248774977755,0.086113883693683,4.8136232237728,7.0248774977755,0,0.085629241012044
3.82,0.004824001662454,2.2115462886896,7.0237822110888,7.0237822110888,0.086162123710307,4.8122359223993,7.0237822110888,0,0.085677231129438
3.83,0.0048230610556935,2.21260233926,7.0238999490386,7.0238999490386,0.086210354320864,4.8112976097786,7.0238999490386,0,0.085725212138049
3.84,0.0048219672372243,2.214112572619,7.0243190317518,7.0243190317518,0.086258573993237,4.8102064591327,7.0243190317518,0,0.085773186215392
3.85,0.0048206968458725,2.2150442486985,7.0239834149639,7.0239834149639,0.086306780961695,4.8089391662654,7.0239834149639,0,0.085821144772795
3.86,0.0048196195892858,2.2160995266793,7.0239640637868,7.0239640637868,0.086354977157588,4.8078645371075,7.0239640637868,0,0.085869092650909
3.87,0.0048183863433762,2.2172719023353,7.02390620142,7.02390620142,0.086403161021022,4.8066342990847,7.02390620142,0,0.085917027304514
3.88,0.0048172864826071,2.2182866132242,7.0238237341002,7.0238237341002,0.086451333885848,4.805537120876,7.0238237341002,0,0.085964949646734
3.89,0.0048161640662514,2.2194417595755,7.0238592016693,7.0238592016693,0.086499495526511,4.8044174420938,7.0238592016693,0,0.086012860284926
3.9,0.0048150731206772,2.2205551222888,7.0238842796247,7.0238842796247,0.086547646257717,4.8033291573359,7.0238842796247,0,0.086060760551657
3.91,0.0048138063925465,2.2216388829304,7.0237044016856,7.0237044016856,0.086595784321643,4.8020655187551,7.0237044016856,0,0.086108646823799
3.92,0.0048127520684019,2.222690664642,7.023704430749,7.023704430749,0.086643911842327,4.801013766107,7.023704430749,0,0.086156521945788
3.93,0.0048115839171872,2.2239088994801,7.0237573634933,7.0237573634933,0.086692027681499,4.7998484640132,7.0237573634933,0,0.086204385350902
3.94,0.0048104307007038,2.224965726421,7.0236637866458,7.0236637866458,0.086740131988506,4.7986980602248,7.0236637866458,0,0.086252236594313
3.95,0.0048092800225372,2.2260406164196,7.0235908049818,7.0235908049818,0.086788224788731,4.7975501885622,7.0235908049818,0,0.086300075039911
3.96,0.0048081310155906,2.2271862656911,7.0235902497347,7.0235902497347,0.086836306098887,4.7964039840436,7.0235902497347,0,0.086347902879242
3.97,0.0048069449075469,2.2283395192898,7.0235602882072,7.0235602882072,0.086884375547963,4.7952207689174,7.0235602882072,0,0.086395717544677
3.98,0.0048058024902389,2.2294126136494,7.0234937516146,7.0234937516146,0.086932433572865,4.7940811379652,7.0234937516146,0,0.08644351982237
3.99,0.0048046658752562,2.2305288316347,7.0234761268212,7.0234761268212,0.086980480231617,4.7929472951865,7.0234761268212,0,0.086491310534969
4,0.0048035255980322,2.2316753589392,7.0234851580378,7.0234851580378,0.087028515487598,4.7918097990986,7.0234851580378,0,0.086539091123968
4.01,0.0048023392996629,2.2327991896755,7.0234255837866,7.0234255837866,0.087076538880594,4.7906263941111,7.0234255837866,0,0.086586859069167
4.02,0.0048012162502845,2.2338903150851,7.0233963989351,7.0233963989351,0.087124551043097,4.78950608385,7.0233963989351,0,0.086634616008515
4.03,0.0048000284260732,2.2350458195842,7.0233669763263,7.0233669763263,0.087172551327358,4.7883211567421,7.0233669763263,0,0.086682361327552
4.04,0.0047988933225593,2.2361519381999,7.0233407599455,7.0233407599455,0.087220540260584,4.7871888217456,7.0233407599455,0,0.086730095361893
4.05,0.004797777361143,2.2372865590541,7.0233621412132,7.0233621412132,0.087268518034195,4.7860755821591,7.0233621412132,0,0.086777817575889
4.06,0.0047965882417025,2.2384376986626,7.0233270616436,7.0233270616436,0.087316483916612,4.784889362981,7.0233270616436,0,0.086825528312655
4.07,0.004795439318811,2.2395362920143,7.0232795343267,7.0232795343267,0.0873644383098,4.7837432423124,7.0232795343267,0,0.086873226611323
